frame,robot_id,team,robot_x,robot_y,ball_x,ball_y,ball_speed_px_per_frame,distance_robot_ball
1,robot_001,unknown,763.9552461461959,282.0870213823968,806.4520547945206,318.041095890411,1.0104811691334865,55.665736490413515
2,robot_001,unknown,762.3706326723324,281.4291784702549,805.0066666666667,318.24,1.4590098303138375,56.32821652121409
3,robot_001,unknown,759.0233426704015,281.82026143790847,802.9869281045752,318.06535947712416,2.027274813987876,56.97810084673103
4,robot_001,unknown,752.778672985782,282.4744075829384,799.1468531468531,317.87412587412587,3.844833672844647,58.336508179226676
5,robot_001,unknown,750.3868852459017,282.3728337236534,796.3924050632911,318.0886075949367,2.762786031092603,58.24194671276756
6,robot_001,unknown,747.6611374407582,282.4829383886256,793.7183098591549,317.9154929577465,2.6796928626978023,58.109629619122956
7,robot_001,unknown,745.6869976359338,282.30827423167847,790.5065789473684,317.5657894736842,3.230713230308481,57.025321129938106
8,robot_001,unknown,744.8384945212006,282.2982372558361,789.2745098039215,317.5359477124183,1.2324304868630165,56.712041864388326
9,robot_001,unknown,738.8306930693069,283.0306930693069,782.046052631579,317.07236842105266,7.243307176405959,55.01275272925464
10,robot_001,unknown,736.0488165680473,282.2435897435897,778.1192052980133,316.6291390728477,3.9517821595125837,54.3349207284347
11,robot_001,unknown,732.7160975609756,282.2712195121951,773.9246575342465,316.2602739726028,4.210735375762697,53.41723727583845
12,robot_001,unknown,727.1763236763237,282.6978021978022,767.1390728476821,315.0662251655629,6.889841224014626,51.4269980336473
13,robot_001,unknown,717.676455948233,281.90343454454955,756.6544117647059,313.375,10.620186466607336,50.09731002606443
14,robot_001,unknown,711.7339312406577,282.18086696562034,750.7132352941177,312.2058823529412,6.055114691509553,49.20251714598486
15,robot_001,unknown,705.8303482587065,281.8611940298508,744.751677852349,311.53691275167785,5.998973867164488,48.94403108647613
16,robot_001,unknown,698.5111473626971,282.26971179989124,737.8189655172414,310.33620689655174,7.0359217499832045,48.29940698478181
17,robot_001,unknown,684.3773684210527,283.6684210526316,723.5,308.6,14.423840954183524,46.391420871438214
18,robot_001,unknown,678.0282051282052,283.77076923076925,716.5681818181819,308.2878787878788,6.9388416149124215,45.677329872697904
19,robot_001,unknown,671.5107142857142,284.325,710.488188976378,307.68503937007875,6.109805915087676,45.44155557012722
20,robot_001,unknown,664.980678851175,285.3420365535248,704.5811965811965,307.1880341880342,5.927864143830413,45.22663614655354
21,robot_001,unknown,653.7743813682679,284.471615720524,694.6076923076923,305.7153846153846,10.081640950630586,46.028871364980986
22,robot_001,unknown,649.0520059435364,284.96235760277364,689.9516129032259,305.3467741935484,4.670647606465639,45.69794622522254
23,robot_001,unknown,645.2585858585859,285.64141414141415,685.327868852459,305.3360655737705,4.623756451364987,44.64780772540915
24,robot_001,unknown,642.2523136872869,285.63029712615685,681.4132231404959,305.1652892561983,3.9183689975338614,43.76291519909541
25,robot_001,unknown,639.0206297502715,288.6905537459284,674.5564516129032,305.9274193548387,6.898996888596205,39.49562218110162
26,robot_001,unknown,637.6981818181819,288.5116883116883,671.4344262295082,306.4508196721312,3.1655947919316167,38.20924784588112
27,robot_001,unknown,637.8008255933953,288.2466460268318,669.2869565217392,306.7217391304348,2.1644915104183253,36.50623927527474
28,robot_001,unknown,639.0074034902168,288.66314119513487,667.6486486486486,307.15315315315314,1.694157827957131,34.091076052730486
29,robot_001,unknown,640.8534577387486,288.9714599341383,664.8666666666667,307.68333333333334,2.8320513363158235,30.442871236520173
30,robot_001,unknown,640.6404867256637,289.53926991150445,663.8403361344538,307.890756302521,1.0470810138184496,29.580569050479827
31,robot_001,unknown,639.925925925926,289.726368159204,662.7213114754098,308.4344262295082,1.2441033626908162,29.489337719106036
32,robot_001,unknown,639.4918292040063,289.3510806536637,662.3584905660377,308.5,0.36869897159350007,29.825581536297225
33,robot_001,unknown,639.8704474505723,288.87148803329865,660.6822429906542,309.2056074766355,1.8187049912129936,29.09651606529661
34,robot_001,unknown,641.4752808988763,289.2853932584269,660.4705882352941,309.11764705882354,0.22920464778925642,27.461609414022238
35,robot_001,unknown,642.1300949190396,288.5689558905639,659.2543859649123,309.0438596491228,1.2184385681322731,26.692003067323455
36,robot_001,unknown,643.3011235955056,288.147191011236,659.130081300813,309.5121951219512,0.48455109599118745,26.589834574274608
37,robot_001,unknown,645.2486187845304,288.5646408839779,659.659793814433,310.30927835051546,0.9570459865356552,26.086610057530184
38,robot_001,unknown,645.8611570247934,288.9482093663912,660.2403846153846,310.7019230769231,0.7008962543239997,26.07654590435248
39,robot_001,unknown,645.7754880694143,288.9349240780911,660.6168224299065,311.04672897196264,0.510486565402085,26.630755176385183
40,robot_001,unknown,645.1227321237993,288.85699039487724,661.3523809523809,311.48571428571427,0.8565946799241693,27.847094031995848
41,robot_001,unknown,642.6430769230769,290.9569230769231,661.0,312.43220338983053,1.0099574049491953,28.251801524327977
42,robot_001,unknown,641.5768249106687,291.59724349157733,661.3879310344828,312.8793103448276,0.5919418186964411,29.07587136089368
43,robot_001,unknown,640.5538996522603,292.41530054644807,661.8034188034188,313.14529914529913,0.4933357154227927,29.686274708420747
44,robot_001,unknown,640.2816346627277,292.768094534712,662.3983739837398,313.6422764227642,0.7752148611239259,30.411866560424894
45,robot_001,unknown,640.5388650453028,294.0133524082022,664.2644628099174,314.6611570247934,2.1261244527017236,31.452119559311246
46,robot_001,unknown,640.1120487576184,295.0014064697609,665.1259842519685,315.34645669291336,1.1008427817990605,32.243108372148356
47,robot_001,unknown,639.6263328697265,295.57209086694485,665.8615384615384,315.9692307692308,0.9637881226437377,33.231450895771395
48,robot_001,unknown,639.0619001919385,296.6017274472169,666.2982456140351,315.7719298245614,0.47920851391555713,33.3063833392355
49,robot_001,unknown,639.0258780036969,295.5554528650647,667.0,316.7185185185185,1.1783417898676176,35.07744074638921
50,robot_001,unknown,639.1445727482679,295.55750577367206,667.872,316.928,0.8968090605494567,35.80451228520047
51,robot_001,unknown,639.2882055988986,295.1349242771914,667.6231884057971,317.0652173913044,0.2841404967373253,35.83028058413928
52,robot_001,unknown,639.8942528735632,294.74528735632185,668.2086330935252,317.1438848920863,0.5907064059821457,36.102649470776086
53,robot_001,unknown,641.1144967682363,293.7096029547553,669.1102941176471,318.1029411764706,1.3163516091977336,37.13219113960646
54,robot_001,unknown,642.6468384074941,292.9255269320843,669.3913043478261,318.69565217391306,0.6559520378461441,37.13981439658952
55,robot_001,unknown,644.2338146250582,292.50069864927804,669.5294117647059,318.8235294117647,0.1882186137388019,36.50696719808237
56,robot_001,unknown,644.8015910154422,292.1661207299953,669.5144927536232,319.27536231884056,0.45207914440760616,36.68294551754761
57,robot_001,unknown,645.5156177156177,291.68158508158507,669.4661654135339,320.0,0.7262474101545823,37.0885610198301
58,robot_001,unknown,644.8031423290204,291.6695933456562,669.2335766423357,320.4890510948905,0.5415427129055124,37.78104373488266
59,robot_001,unknown,644.0706371191136,292.0623268698061,669.5289855072464,320.536231884058,0.29915284443620066,38.195428645482984
60,robot_001,unknown,643.3543417366947,292.82633053221286,669.5367647058823,320.7132352941176,0.17717427325702137,38.2517807394243
61,robot_001,unknown,641.715600552232,293.7036355269213,669.4927536231884,321.2028985507246,0.49163714289185695,39.08682258229312
62,robot_001,unknown,640.6844819503048,295.19596812001873,669.2910447761194,321.1044776119403,0.2244396136538343,38.595159033229415
63,robot_001,unknown,639.4359447004608,295.72073732718894,668.9197080291971,321.2846715328467,0.41274789974811904,39.023160201297515
64,robot_001,unknown,638.4705069124424,295.8345622119816,668.7569444444445,321.55555555555554,0.3160223699051259,39.73459194404843
65,robot_001,unknown,637.3383194016718,297.1126264848218,668.1470588235294,321.99264705882354,0.750339558352103,39.60042737808104
66,robot_001,unknown,636.7951030927835,297.8500859106529,667.9264705882352,322.19117647058823,0.29677111868546263,39.51772680435757
67,robot_001,unknown,636.9527055815935,298.8231785257776,668.1417322834645,322.2913385826772,0.23742376909465526,39.03216523671577
68,robot_001,unknown,636.9928810720268,299.964824120603,668.0333333333333,322.575,0.30366779886434986,38.40220996093475
69,robot_001,unknown,637.3252131546894,301.34429557450267,667.1056910569106,323.1707317073171,1.1024592782092524,36.922488788602934
70,robot_001,unknown,637.6843813387424,301.894523326572,667.0375939849624,323.2706766917293,0.12093887347363264,36.311857916456695
71,robot_001,unknown,638.1896,301.8096,667.0444444444445,323.3703703703704,0.099928766409403,36.02039515159333
72,robot_001,unknown,639.2139123441898,301.67189384800963,666.9242424242424,323.6666666666667,0.319749934885957,35.37841749555515
73,robot_001,unknown,640.5330132052821,301.36614645858344,667.060606060606,324.6212121212121,0.9642365197998207,35.27763117998431
74,robot_001,unknown,641.7373983739838,300.9012195121951,666.8115942028985,324.69565217391306,0.25990041693898613,34.56718562683107
75,robot_001,unknown,642.739396411093,300.48450244698205,666.624060150376,325.02255639097746,0.3768758256906596,34.24314899796812
76,robot_001,unknown,643.4416390728477,300.3646523178808,666.452380952381,325.1111111111111,0.19317268306401017,33.79173663266731
77,robot_001,unknown,646.0848614072495,299.2085287846482,665.6857142857143,324.95714285714286,0.7819744247785729,32.36023115210231
78,robot_001,unknown,646.0877944325482,298.8710920770878,665.2564102564103,325.05128205128204,0.4395044225600642,32.447468001181804
79,robot_001,unknown,646.1107784431138,298.8866552609068,665.2564102564103,325.05128205128204,0.0,32.42133422007695
80,robot_001,unknown,645.4485651214128,299.5664459161148,665.0192307692307,324.9679487179488,0.25139322501449973,32.06629536585511
81,robot_001,unknown,643.1116860715825,301.0896938335489,664.9664429530201,325.3221476510068,0.35811092934971195,32.63192020647837
82,robot_001,unknown,641.70055531824,302.0892780862879,664.7533333333333,325.18,0.2561672592072914,32.62839273868011
83,robot_001,unknown,640.6031014249791,303.2455993294216,665.1527777777778,325.71527777777777,0.6678908320828155,33.280220230636814
84,robot_001,unknown,639.5662505034232,303.9234796616996,665.9692307692308,326.5769230769231,1.1870248981346927,34.789306769226556
85,robot_001,unknown,639.3612979817966,305.2445587653344,666.2028985507246,327.6521739130435,1.1003476690055245,34.96530763070332
86,robot_001,unknown,638.9748229740362,305.4720692368214,666.3691275167786,328.20805369127515,0.5802020311945145,35.600181326696585
87,robot_001,unknown,638.9005460218409,305.30421216848674,666.4722222222222,328.3888888888889,0.20815832192470568,35.959694489583036
88,robot_001,unknown,639.1176470588235,305.18188854489165,666.5069444444445,328.77777777777777,0.3904359110241574,36.151619603672145
89,robot_001,unknown,639.9137055837564,305.05271378367826,666.4817518248175,329.26277372262774,0.4856498065526074,35.944235745313705
90,robot_001,unknown,640.7417711598746,304.5830721003135,666.9929078014185,329.90070921985813,0.817460782570948,36.4706035635545
91,robot_001,unknown,641.1282051282051,304.2745562130178,666.4836601307189,330.2549019607843,0.6203109605977625,36.30258205084034
92,robot_001,unknown,642.0652689873418,303.86194620253167,666.4129032258064,330.5741935483871,0.3270377004363569,36.143484216054944
93,robot_001,unknown,643.8106815464329,302.89996014348344,666.0196078431372,331.32026143790847,0.8433851752335879,36.06868354845161
94,robot_001,unknown,643.8530595813204,302.79468599033817,665.8101265822785,331.2658227848101,0.21643928849018465,35.954393634910545
95,robot_001,unknown,643.9633251833741,303.07416462917683,665.19375,331.4125,0.6335884284274373,35.40892810413293
101,robot_001,unknown,643.7866666666666,309.49925925925925,665.5,331.6488095238095,0.06447033201038561,31.017276175807005
102,robot_001,unknown,643.9006622516556,310.6648270787344,665.921052631579,332.5394736842105,0.9851740786187934,31.038649400363564
103,robot_001,unknown,643.718523878437,311.4808248914616,667.8780487804878,333.1056910569106,2.0372618977420176,32.424026279387164
104,robot_001,unknown,643.9394904458599,312.6804670912951,669.7372881355932,333.73728813559325,1.963590041065896,33.300391561241554
105,robot_001,unknown,646.5355434039644,314.0980861244019,672.9006622516556,335.89403973509934,3.828643788620947,34.20793892728054
106,robot_001,unknown,646.9669007021063,314.5576730190572,674.2721518987341,336.2974683544304,1.429593824461679,34.902656691645454
107,robot_001,unknown,646.8160285528877,315.37151200519145,674.8809523809524,336.9642857142857,0.9029304616378896,35.41027853501335
108,robot_001,unknown,646.5572883513686,316.424252068746,676.9763313609468,338.24852071005915,2.4576152250040137,37.43817409205174
109,robot_001,unknown,644.4609698403311,319.3069189828504,680.8218390804598,341.0287356321839,4.745263389321914,42.35504846467532
110,robot_001,unknown,642.0341008452347,320.0335179248033,682.6453488372093,341.7848837209302,1.974068834938529,46.06946252630464
111,robot_001,unknown,639.9138880835025,321.6120614670919,684.5555555555555,342.5497076023392,2.057630986447402,49.30784420728814
112,robot_001,unknown,634.9187596899225,320.3181395348837,686.80625,343.3375,2.3845843126350474,56.76444844179626
113,robot_001,unknown,635.0221470316826,321.050138418948,690.0372340425532,345.5425531914894,3.9117154114954933,60.220745430489885
114,robot_001,unknown,636.1893041628684,320.3369796414464,691.0052356020942,346.26178010471205,1.2059495727341116,60.637295607654195
115,robot_001,unknown,637.663354037267,320.0136645962733,692.7853403141361,347.3874345549738,2.106150689582249,61.54475325207823
116,robot_001,unknown,640.3018925518926,318.9884004884005,694.3532608695652,348.33152173913044,1.830211867360191,61.502594918814175
117,robot_001,unknown,646.6642066420665,317.23831488314886,696.8870967741935,351.3763440860215,3.961220457852692,60.72679582424791
118,robot_001,unknown,648.9608990147783,316.8174261083744,698.0104712041884,352.4240837696335,1.5361407990746645,60.611010565492634
119,robot_001,unknown,651.1042813455657,315.90733944954127,698.7810945273632,353.4676616915423,1.297272209413383,60.69478002344988
120,robot_001,unknown,653.0713192531374,315.1108050198959,699.903381642512,354.55555555555554,1.5630231694338093,61.23014300540789
121,robot_001,unknown,654.3464274667491,314.6467677080111,701.8207547169811,357.10849056603774,3.1927725685436448,63.6930895461508
122,robot_001,unknown,653.0912710566615,314.82756508422665,702.2796208530806,358.6255924170616,1.584978282891893,65.86168046704121
123,robot_001,unknown,651.7424242424242,315.1521212121212,702.9955357142857,359.98214285714283,1.5338719584694167,68.09267417454069
124,robot_001,unknown,649.0926430517711,316.35967302452315,703.1306306306307,361.1171171171171,1.1429860923154045,70.16646566041825
125,robot_001,unknown,641.586125808348,318.4479717813051,704.4342105263158,363.49122807017545,2.7084540538591613,77.32254968520967
126,robot_001,unknown,636.4820809248555,320.12167630057803,704.7782608695652,364.60434782608695,1.1650777783866957,81.50506892878805
127,robot_001,unknown,630.9686352076858,321.9084487143261,704.847533632287,365.3139013452914,0.7129270034656727,85.68620046735363
129,robot_001,unknown,610.5338028169014,330.214647887324,705.3087557603686,369.4239631336405,2.464937542997034,102.56540404796084
130,robot_001,unknown,602.5334572490706,332.10249601699417,705.3122171945702,370.6289592760181,1.2050011139711534,109.76229711145605
131,robot_001,unknown,594.6301790281329,334.3156010230179,705.431718061674,371.9955947136564,1.3718501655236506,117.03317041218648
132,robot_001,unknown,586.867064973861,336.4441125217824,705.2751091703057,373.2532751091703,1.2673935150992917,123.99749747802146
133,robot_001,unknown,573.3156114064766,342.19212179797006,705.3464912280701,375.6798245614035,2.4275991518996465,136.21152470637773
134,robot_001,unknown,568.0389114347099,345.0093100978754,704.9269406392694,376.7214611872146,1.1229557234343956,140.513319888975
135,robot_001,unknown,563.6038715769594,348.2162417374882,704.545871559633,377.7385321100917,1.0861155120966797,144.00073953962982
136,robot_001,unknown,559.4467203682393,350.3118527042578,703.9629629629629,378.69444444444446,1.119620838962765,147.27700393336065
137,robot_001,unknown,551.4822773593265,355.6657066902969,702.6854838709677,380.741935483871,2.413332216462724,153.2684798316656
138,robot_001,unknown,549.0907118055555,358.3693576388889,702.0522088353414,382.1485943775101,1.5426362221215855,154.7988103102365
139,robot_001,unknown,547.9097597922528,360.8026401211859,701.2610441767068,383.1204819277109,1.2531986783058897,154.96677865033777
140,robot_001,unknown,547.6784711725329,363.0172748866336,700.4129554655871,384.03643724696354,1.2482902742535538,154.1740181697134
141,robot_001,unknown,547.4070138150903,364.2435706695005,698.97265625,385.55078125,2.0899042059274344,153.05600670809574
142,robot_001,unknown,546.9915110356536,364.0793718166384,697.976,386.348,1.2762763870007343,152.6178485924685
143,robot_001,unknown,546.9355527102006,364.2163892445583,697.0205761316872,387.0987654320988,1.215106374839755,151.81935777566812
144,robot_001,unknown,547.2971014492754,364.3903985507246,696.0462962962963,387.5324074074074,1.0664270065967472,150.53861810698206
145,robot_001,unknown,548.7297839162397,362.3423925150368,694.081081081081,388.3243243243243,2.118773995831742,147.655207724091
146,robot_001,unknown,549.5562458398048,361.8835145329488,693.4439461883408,389.2645739910314,1.1357862066823716,146.46976728539283
147,robot_001,unknown,550.0593971631206,361.5232712765957,693.017316017316,390.2987012987013,1.1186744795950223,145.82521022127767
148,robot_001,unknown,550.60251878038,361.38621299160405,692.9521739130435,390.89130434782606,0.596172682686002,145.37528927684795
149,robot_001,unknown,550.9723190932868,361.56364428945074,692.4958333333333,391.4625,0.7311027272227874,144.64731817649738
150,robot_001,unknown,552.5159110723627,361.80710549258936,692.5555555555555,391.8205128205128,0.3629599474855656,143.21978440987442
151,robot_001,unknown,554.4892880328933,362.217701796148,692.4725738396625,392.36708860759495,0.5528390870741813,141.23870817569377
152,robot_001,unknown,557.0463861920173,362.4302049622438,692.5063829787234,392.3446808510639,0.04056063900874641,138.72377805249263
153,robot_001,unknown,560.2275592262552,363.7300586828951,692.5020746887967,392.73029045643153,0.3856336721732997,135.41625044199452
154,robot_001,unknown,560.3908193908194,364.84641784641786,692.4327731092437,392.78991596638656,0.09142160776280178,134.96635369216733
155,robot_001,unknown,561.0511471269207,365.9459061250263,692.9793388429752,392.85537190082647,0.5504712350729827,134.6445955759346
156,robot_001,unknown,562.682612312812,367.0771630615641,693.3601694915254,392.864406779661,0.3809378058302642,133.1976196813308
157,robot_001,unknown,568.5180673136485,369.64732603758,694.4730290456431,392.5767634854772,1.1494324912233422,128.02504241977522
158,robot_001,unknown,570.3135731807032,370.5026573998365,694.9173553719008,392.3595041322314,0.4945983327696226,126.50622231904177
159,robot_001,unknown,571.1128935231602,372.0453178263485,695.6694560669456,392.2384937238494,0.7617735716232159,126.18281034099428
161,robot_001,unknown,578.1559235166568,376.3642814902424,696.9888888888889,392.6592592592593,0.5348587365713223,119.94498722185466
162,robot_001,unknown,581.294901065449,376.80555555555554,697.0970149253732,392.32089552238807,0.3552200137875598,116.83687495270158
163,robot_001,unknown,584.7344611290629,377.2953811062536,697.5576208178438,392.1301115241636,0.4985542319118278,113.79426430507046
164,robot_001,unknown,589.1095041322315,377.4874154770849,697.6052631578947,392.0864661654135,0.06461199506242,109.47356762047711
165,robot_001,unknown,598.7492015780575,377.4553823032125,697.8030303030303,391.7916666666667,0.3549909691195859,100.0859132666833
166,robot_001,unknown,604.3831967213115,377.4504470938897,697.8598484848485,391.7234848484849,0.08875283722624772,94.56005515896057
167,robot_001,unknown,610.9308609765188,377.1712635109952,697.7444444444444,391.8148148148149,0.1471708370956391,88.03994473720483
168,robot_001,unknown,617.8753006475486,377.3491211840888,697.8880597014926,391.79477611940297,0.14500652182168697,81.30632544848321
169,robot_001,unknown,630.0283766353418,376.6920950801548,697.7269372693727,391.3505535055351,0.4725401240146873,69.26734811820181
170,robot_001,unknown,633.2865209471767,377.1976320582878,697.7111111111111,391.31851851851854,0.03573104642285767,65.95397828951373
171,robot_001,unknown,634.7391147244806,377.8794941282746,697.2591240875912,391.1788321167883,0.4730798666807948,63.91888579830035
172,robot_001,unknown,635.0312895641165,378.6845722553807,697.1351351351351,390.9266409266409,0.28102251995014693,63.298940591930744
173,robot_001,unknown,631.9964707958355,379.7125463208047,696.7720588235294,390.9558823529412,0.36425193075848256,65.74412072166648
174,robot_001,unknown,628.6403923629357,380.7169381678052,696.8174904942965,390.7680608365019,0.19323808823899521,68.91401727162908
175,robot_001,unknown,624.2534847702633,381.7308552744794,696.5777777777778,390.662962962963,0.261739850773996,72.87376693156102
183,robot_001,unknown,585.6482429205049,389.6410781303309,696.1854545454545,390.2327272727273,0.04993493033462116,110.53879501119319
184,robot_001,unknown,585.0739698825087,389.7756081416515,696.2427536231884,390.1594202898551,0.09304352770061129,111.16944629774461
185,robot_001,unknown,583.814214876033,389.67553719008265,696.2427536231884,390.1594202898551,0.0,112.42958003868404
186,robot_001,unknown,584.6599835661463,390.2105176663928,696.452296819788,390.1660777385159,0.20964892764775733,111.79232208657065
187,robot_001,unknown,586.0358598207009,390.43846780766097,696.6713780918728,390.0247349823322,0.26071896460352484,110.63629186655511
188,robot_001,unknown,587.1867410567771,390.519527404004,696.729537366548,389.93594306049823,0.10614380157931037,109.54435080847364
189,robot_001,unknown,588.4943292287751,392.5452041477641,696.8285714285714,389.87142857142857,0.1181941823474232,108.36723263439342
190,robot_001,unknown,589.2448649522885,392.2480996280123,697.2350746268656,389.6268656716418,0.4744005292741031,108.0220174455799
191,robot_001,unknown,590.4569848755896,391.01902748414375,697.3496240601504,389.6729323308271,0.12346541926530666,106.9011145124432
201,robot_001,unknown,595.8911015428777,382.54036598493,698.4202334630351,388.2023346303502,0.24500362149454757,102.6853484253852
202,robot_001,unknown,596.520217048836,382.72466304918606,698.4384615384615,388.30384615384617,0.10313511592189781,102.07083738248848
203,robot_001,unknown,597.9958027282266,382.10038474991256,698.38671875,388.20703125,0.10977450416429334,100.57647414364745
204,robot_001,unknown,601.350106685633,381.9996443812233,698.4732824427481,388.0801526717557,0.15359507322659843,97.31332822495949
205,robot_001,unknown,604.3649010165864,380.4480114143036,698.4115384615385,388.1,0.06485549825611163,94.35742124506106
206,robot_001,unknown,611.2758186397984,376.920474991004,698.4115384615385,388.1,0.0,87.84995986498542
207,robot_001,unknown,615.7395965836816,375.6863528984191,698.5019157088122,387.98850574712645,0.14352357035907395,83.67164652188289
208,robot_001,unknown,621.1825654750526,375.0785700630855,698.3976833976834,388.27413127413126,0.30404985834569176,78.33452158199628
209,robot_001,unknown,625.4308074059935,373.3735445695744,698.383141762452,388.0153256704981,0.25921381064119237,74.4071558511941
210,robot_001,unknown,629.20566146736,371.474484883497,698.383141762452,388.0153256704981,0.0,71.12751362109303
211,robot_001,unknown,628.7344106463878,370.63212927756655,698.35,388.00384615384615,0.03507357582267972,71.75030890721227
212,robot_001,unknown,627.3492759146342,369.8315548780488,698.3511450381679,388.030534351145,0.02671274953027061,73.29712322388644
213,robot_001,unknown,624.7878277153558,369.48333333333335,698.3636363636364,387.93939393939394,0.09199243374380128,75.85529507781895
214,robot_001,unknown,616.8101051840721,369.9549211119459,698.3911439114391,388.1070110701107,0.16985925849312059,83.5760985550622
215,robot_001,unknown,611.4970138111236,370.49589399029486,698.4428044280443,387.8745387453874,0.23814321476405537,88.66559535425858
216,robot_001,unknown,606.5941758446892,371.5295874556655,698.526119402985,387.7835820895522,0.12334706437567723,93.35777732981927
217,robot_001,unknown,602.3427048879089,373.2677324513047,698.546468401487,387.7174721189591,0.06917087502595022,97.28288179653936
218,robot_001,unknown,595.9701601164484,375.55076419213975,698.4981684981685,387.4285714285714,0.2929103780460431,103.21373361848657
219,robot_001,unknown,593.7016157989228,376.8497307001795,698.4851851851852,387.2296296296296,0.19936500641342358,105.2964325849231
220,robot_001,unknown,592.096975088968,377.08327402135234,698.6,387.2436363636364,0.11566602914644625,106.98657522384022
221,robot_001,unknown,592.2295782167646,376.923651895355,698.6313868613139,387.2007299270073,0.0531610512250089,106.8969747733768
222,robot_001,unknown,593.9690385659967,374.59894984609815,698.6438848920864,387.3237410071943,0.1236443553987486,105.44545397258243
223,robot_001,unknown,594.8182817365818,372.8900897600293,698.5882352941177,386.9485294117647,0.37931598845674264,104.71792103921204
228,robot_001,unknown,594.6024470771024,369.4362012041173,698.6284722222222,387.0,0.16122936925994405,105.49834565354729
229,robot_001,unknown,594.4035762353393,370.40607575466254,698.7,386.9,0.12294804997984084,105.59258282241524
230,robot_001,unknown,596.6059977367031,371.65503583553374,698.6047297297297,386.8445945945946,0.11020972436914975,103.12353767923318
231,robot_001,unknown,598.6351627906977,372.00632558139534,698.5884353741496,386.7891156462585,0.057822311716561506,101.0405244555058
232,robot_001,unknown,602.9024390243902,373.2550243902439,698.5348837209302,386.6378737541529,0.16044279195467426,96.56430570212713
233,robot_001,unknown,606.9018882616313,372.8839789760561,698.4485049833887,386.67109634551497,0.09254743041314206,92.57898054396364
234,robot_001,unknown,617.707094266278,370.14013605442176,698.4731543624162,386.1073825503356,0.5642524565847704,82.32927440536736
235,robot_001,unknown,624.4146817649356,369.4010152284264,698.3874172185431,386.1423841059603,0.09260651562205861,75.84351667995792
236,robot_001,unknown,630.357978196234,368.8475718533201,698.3918918918919,385.9155405405405,0.22688769440832518,70.14220532501218
237,robot_001,unknown,633.8768928220255,367.8639134709931,698.3457627118644,385.7728813559322,0.14993179850557187,66.91013611984921
238,robot_001,unknown,634.8759805752708,366.3599178184535,698.3210702341137,385.2675585284281,0.505925763777887,66.20255492831151
239,robot_001,unknown,634.0842706988751,366.6588604093675,698.3904109589041,385.1164383561644,0.16626918710172922,66.90262968527175
249,robot_001,unknown,592.0538954108858,374.2490217004625,699.4463087248322,383.3523489932886,0.14727193657200183,107.77755334573983
250,robot_001,unknown,592.0316177762164,374.1349025118567,699.5676567656766,383.3069306930693,0.12956916690163306,107.92648323048266
251,robot_001,unknown,592.572942423172,372.90180148357473,699.6933333333334,383.2766666666666,0.12926914153075628,107.62163340292287
252,robot_001,unknown,592.9407671721677,371.2297948260482,699.7607973421927,383.5249169435216,0.25725394545071945,107.52529410984485
253,robot_001,unknown,593.2690712353472,369.29738503156,699.75,383.3833333333333,0.14199472269196953,107.40857568249989
254,robot_001,unknown,596.2069036367373,368.2966920073968,700.0580204778157,383.4982935153584,0.3287741750884035,104.9578160860171
255,robot_001,unknown,602.0822916666667,379.4895833333333,700.2203389830509,383.4338983050848,0.17462542841163256,98.2172792927458
294,robot_001,unknown,628.9655818309529,331.62631702177475,642.8053097345132,285.07964601769913,3.488091728541992,48.56058741413905
295,robot_001,unknown,627.5622800844476,330.614825240441,642.5645161290323,285.31451612903226,0.33637111891203314,47.7198605606368
296,robot_001,unknown,626.4842620657496,330.1289344835626,642.5772357723578,285.5528455284553,0.23866858183613596,47.392103870320234
297,robot_001,unknown,626.1772781065089,329.84970414201183,643.0775862068965,285.62068965517244,0.5049290869747195,47.34792642096458
298,robot_001,unknown,628.6395376836023,327.4170479171683,645.0181818181818,286.2,2.0252189516602734,44.352057705289674
299,robot_001,unknown,629.5351203772648,326.0516257135766,646.0490196078431,285.69607843137254,1.1474160082209603,43.603658840100806
300,robot_001,unknown,631.3935162094763,324.6137157107232,647.3333333333334,286.38271604938274,1.456342323751333,41.42085350457454
301,robot_001,unknown,632.7095321491119,323.2782086564924,648.2926829268292,286.4024390243902,0.959552311384749,40.033198399839875
302,robot_001,unknown,633.547376464595,321.1576668364748,649.1772151898734,286.9493670886076,1.0399652070115848,37.60983422215718
303,robot_001,unknown,632.1955901426719,320.1097276264591,649.0919540229885,286.08045977011494,0.8730804056377844,37.99313336926669
305,robot_001,unknown,627.6623590871598,318.8366785812483,649.5371900826447,286.4793388429752,0.29888947103570634,39.05772223285753
306,robot_001,unknown,621.9432902863559,317.23722627737226,649.6034482758621,286.7155172413793,0.24529652268461002,41.190521512627825
307,robot_001,unknown,619.5441795231417,316.2847124824684,649.9732142857143,286.8125,0.38227288356843825,42.36198136529526
308,robot_001,unknown,616.3401513028859,315.59092182684225,649.9732142857143,286.8125,0.0,44.26489001963714
309,robot_001,unknown,612.2509870276368,314.6226734348561,650.2608695652174,286.7913043478261,0.2884351148821,47.1098320499995
310,robot_001,unknown,604.434187016081,313.1810601548541,650.2782608695652,286.89565217391305,0.10578717443996302,52.84507337688384
311,robot_001,unknown,600.7541931752459,312.0028918449971,650.55,287.15833333333336,0.37794648632291084,55.649568416724584
312,robot_001,unknown,596.4634074941451,311.2368266978923,650.9130434782609,287.25217391304346,0.3749754945434641,59.49812121413976
313,robot_001,unknown,591.373504784689,310.9838516746412,650.957264957265,287.43589743589746,0.18897055869948576,64.06817170118893
314,robot_001,unknown,581.8340348767288,309.3622970535177,650.957264957265,287.43589743589746,0.0,72.51750090121921
315,robot_001,unknown,578.0032934131737,308.3266467065868,651.0762711864406,287.73728813559325,0.3240352395121825,75.91825713896044
316,robot_001,unknown,575.1753525444512,307.3454935622317,651.0593220338983,287.6525423728813,0.08642405955246618,78.39763486242087
317,robot_001,unknown,571.9314631813835,306.3248326426522,651.0593220338983,287.6525423728813,0.0,81.30112219706494
318,robot_001,unknown,567.8062946138871,303.82511356262165,651.1,287.7416666666667,0.09796854938657522,84.83229703953315
319,robot_001,unknown,565.8720892095769,302.1767792718924,651.0909090909091,287.79338842975204,0.05251462086655439,86.42412391274046
320,robot_001,unknown,564.4162578836721,301.062368605466,651.5816326530612,287.7755102040816,0.4910491272819376,88.17223579373781
321,robot_001,unknown,563.2704688593421,299.45626312106367,651.2660550458716,287.6880733944954,0.3274666728541455,88.77901485008398
322,robot_001,unknown,560.7935135135135,296.3145945945946,651.0695652173913,287.8434782608696,0.2505173151480207,90.67262719906553
323,robot_001,unknown,560.0512445095169,294.67825768667643,651.0603448275862,287.8965517241379,0.05386843316315968,91.26142600500349
324,robot_001,unknown,560.4390426327599,293.4581151832461,650.9739130434782,288.1043478260869,0.22505482285274,90.69302941902505
325,robot_001,unknown,560.8942965779468,292.10266159695817,650.5945945945946,288.3243243243243,0.43848847811576475,89.77983791933023
326,robot_001,unknown,561.2694401244167,289.27449455676515,650.5855855855856,288.2162162162162,0.10848283404319076,89.32241484133054
327,robot_001,unknown,560.8975784041286,287.591107582374,650.6071428571429,288.2678571428572,0.05595981827471517,89.71211704288972
328,robot_001,unknown,560.4306992139016,286.26189491104674,650.4587155963303,288.5412844036697,0.31111592487003276,90.05686731290368
329,robot_001,unknown,560.6359797297297,284.8369932432432,650.1379310344828,288.5,0.3234302662183395,89.57687707136503
330,robot_001,unknown,560.521416083916,281.7281468531468,650.1465517241379,288.58620689655174,0.08663685880278034,89.8871399371852
331,robot_001,unknown,560.3838841104572,280.26889995473067,650.104347826087,288.61739130434785,0.052475101717760236,90.10804024704049
332,robot_001,unknown,560.4072524407252,278.8200836820084,650.0,288.7583333333333,0.1753656874751038,90.14227211110226
333,robot_001,unknown,560.3088367899009,276.4089269612263,649.8888888888889,288.8034188034188,0.11990987709596833,90.43345156568775
334,robot_001,unknown,560.4812271062272,273.3585164835165,649.7606837606837,288.88034188034186,0.14951158704735262,90.61869809351998
335,robot_001,unknown,560.7234432234433,271.6327838827839,649.6974789915967,289.109243697479,0.23746764984734653,90.6741732166734
341,robot_001,unknown,564.1257928118393,266.5903805496829,649.0,289.5,0.0,87.91178367646268
342,robot_001,unknown,565.890977443609,266.0064446831364,648.6870229007634,289.90076335877865,0.5084937899189156,86.17495928816166
343,robot_001,unknown,567.0799158780231,265.3491062039958,648.5433070866142,290.0236220472441,0.18907271767239464,85.11824621843812
344,robot_001,unknown,567.6689014956163,264.5368746776689,648.5426356589147,290.0232558139535,0.0007648149964071794,84.79455466561414
345,robot_001,unknown,568.9825211864406,265.0116525423729,648.4566929133858,290.01574803149606,0.08627005451760321,83.31475717370343
346,robot_001,unknown,571.4228959749086,263.6037637219028,648.5196850393701,290.0866141732283,0.09481570534479966,81.51844117791597
347,robot_001,unknown,572.7487738419619,264.1117166212534,648.4761904761905,290.06349206349205,0.04925859300507929,80.0508355902574
348,robot_001,unknown,574.189218328841,263.79730458221024,648.5,290.0390625,0.034113003333744736,78.80813493031378
349,robot_001,unknown,574.9540983606557,263.40819672131147,648.5,290.0390625,0.0,78.21894054553938
350,robot_001,unknown,576.6438888888889,262.7816666666667,648.5769230769231,290.0615384615385,0.08013943230642036,76.93213121083762
351,robot_001,unknown,578.2566323768273,261.83107742284784,648.623076923077,290.15384615384613,0.10320313742303984,75.85259222116305
352,robot_001,unknown,580.304803975704,260.66151297625623,649.0,290.3577235772358,0.4285288901406109,74.83912667097464
353,robot_001,unknown,582.4759174311927,261.5533256880734,648.7611940298508,290.3059701492537,0.2443495624853813,72.25269861584172
354,robot_001,unknown,587.8825522303783,260.69000564652737,648.992700729927,290.2335766423358,0.24256168704901895,67.87689471993593
355,robot_001,unknown,591.2059838895282,260.00690448791715,649.3511450381679,290.31297709923666,0.3671331565881381,65.56918332665016
356,robot_001,unknown,595.0743051616563,259.103800340329,649.310606060606,290.2878787878788,0.04767949176305128,62.562153765869944
357,robot_001,unknown,597.54883163571,259.22228879568604,649.3533834586466,290.2857142857143,0.04283212407461103,60.40403953999977
358,robot_001,unknown,600.785886610374,259.22436670687574,649.437037037037,290.3037037037037,0.08556599988971432,57.730924347356506
359,robot_001,unknown,601.6017191977078,258.70888252148995,649.4191176470588,290.25735294117646,0.0496940411322211,57.28708039589581
360,robot_001,unknown,602.5774487471526,258.9424829157176,649.5925925925926,290.24444444444447,0.17395455158127895,56.48217901562677
361,robot_001,unknown,603.4219288174512,259.8742824339839,649.7518796992481,290.18045112781954,0.17166108155121826,55.36179377159789
362,robot_001,unknown,603.1002770083103,260.4581717451524,649.7164179104477,290.2164179104478,0.05050888949035856,55.30477201329237
363,robot_001,unknown,603.2122562674094,260.9359331476323,649.921875,290.296875,0.22064894947973293,55.17112821578053
364,robot_001,unknown,602.3313545601727,261.02320561252026,650.2578125,290.2265625,0.34321691619513744,56.12291353944077
365,robot_001,unknown,602.281847133758,261.72664543524417,650.171875,290.2578125,0.09144296805249708,55.744795838772646
366,robot_001,unknown,603.1043432203389,263.5195974576271,650.3543307086615,290.31496062992125,0.19119621956683033,54.31899120180501
367,robot_001,unknown,604.3509898341359,264.6447298020332,650.6412213740458,290.42748091603056,0.3081672738478316,52.98618490724538
368,robot_001,unknown,605.8781979977753,265.45105672969964,651.0185185185185,290.4074074074074,0.37783075705356556,51.579724464794836
369,robot_001,unknown,606.7461024498887,266.8017817371938,650.9224137931035,290.36206896551727,0.10626237603269816,50.06629223513315
370,robot_001,unknown,608.0861423220974,268.18031032637776,651.7105263157895,290.3684210526316,0.7881381207790845,48.94281496225565
371,robot_001,unknown,609.0861797162376,269.0183920126117,651.625,290.3928571428572,0.0889487110532568,47.60692166837005
372,robot_001,unknown,610.1263707571802,269.44125326370755,651.8173913043478,290.5130434782609,0.2268461355333262,46.713611903924686
373,robot_001,unknown,610.9376299376299,269.4589397089397,652.0756302521008,290.4453781512605,0.2669568328675536,46.181875972796185
374,robot_001,unknown,612.0466768138001,269.75139523084727,652.390243902439,290.4390243902439,0.3146778022965189,45.338520108978265
375,robot_001,unknown,613.1910955477739,269.4862431215608,652.390243902439,290.4390243902439,0.0,44.44763519721069
376,robot_001,unknown,614.006968641115,269.344449975112,652.6752136752136,290.55555555555554,0.3078754356620637,44.103788657685804
377,robot_001,unknown,614.7385850476668,269.5213246362268,652.7647058823529,290.5546218487395,0.08949707786895579,43.45555726675296
378,robot_001,unknown,617.4572004028197,268.8479355488419,652.7416666666667,290.75,0.19673186688844724,41.52943518454396
379,robot_001,unknown,618.4386143657667,268.9617931737137,652.7130434782608,291.0608695652174,0.31218451834286126,40.7811925811997
380,robot_001,unknown,619.4156441717791,268.6579754601227,652.936,291.08,0.2237757451579961,40.328171782482286
381,robot_001,unknown,620.7434715821813,268.3133640552996,653.0862068965517,291.55172413793105,0.4950613841520053,39.8255433979935
382,robot_001,unknown,623.0067637877211,268.0015608740895,653.1754385964912,291.9736842105263,0.4312917795862488,38.53325365154958
383,robot_001,unknown,624.5638465580662,267.7630057803468,652.9391304347826,292.2695652173913,0.3786649145531533,37.4930418948054
384,robot_001,unknown,626.0166666666667,269.2448275862069,653.3394495412844,292.0,0.48261868328693014,35.55745119654885
384,robot_002,unknown,382.4869638351556,255.44743481917575,653.3394495412844,292.0,0.48261868328693014,273.307810050293
385,robot_001,unknown,627.4726224783861,268.88530259366,653.1904761904761,292.1523809523809,0.21310329396687705,34.68090158729036
385,robot_002,unknown,383.9002433090024,256.7988645579886,653.1904761904761,292.1523809523809,0.21310329396687705,271.60099529789454
386,robot_001,unknown,629.3449419568823,268.3228302929796,652.9203539823009,292.8407079646018,0.7394322708013454,34.013620473111686
386,robot_002,unknown,386.2012534818941,258.0954038997215,652.9203539823009,292.8407079646018,0.7394322708013454,268.97270256720674
387,robot_001,unknown,629.9855475264036,268.6753752084491,652.6034482758621,292.9741379310345,0.34384994214873216,33.1963748647478
387,robot_002,unknown,386.78647925033465,257.76372155287817,652.6034482758621,292.9741379310345,0.34384994214873216,268.1388342695652
388,robot_001,unknown,630.4320576816417,269.2373821408763,652.5221238938053,293.0973451327434,0.14762679184299954,32.51567097925304
388,robot_002,unknown,388.5643127364439,258.1954602774275,652.5221238938053,293.0973451327434,0.14762679184299954,266.25526781162284
389,robot_001,unknown,630.1987507098239,270.1169789892107,652.1261261261261,293.3693693693694,0.480428368561721,31.96065473420017
389,robot_002,unknown,389.5753504672897,257.80957943925233,652.1261261261261,293.3693693693694,0.480428368561721,264.9479353739725
390,robot_001,unknown,631.2390326209223,271.39595050618675,651.5339805825242,293.6116504854369,0.6397940950106258,30.090234933150384
390,robot_002,unknown,389.34342857142855,257.3462857142857,651.5339805825242,293.6116504854369,0.6397940950106258,264.6867247254152
391,robot_001,unknown,630.9101497504159,271.75540765391014,650.9459459459459,293.5945945945946,0.5882819368535784,29.637530521603452
391,robot_002,unknown,389.1557614360162,257.5176606832658,650.9459459459459,293.5945945945946,0.5882819368535784,264.264348458481
392,robot_001,unknown,630.8600663716815,272.2063053097345,650.5648148148148,293.5925925925926,0.3811363891434798,29.08006868891654
392,robot_002,unknown,388.47798377752025,257.42294322132096,650.5648148148148,293.5925925925926,0.3811363891434798,264.570879990244
393,robot_001,unknown,631.271158129176,273.69209354120267,651.2702702702703,294.3243243243243,1.0164146431722976,28.73418579880173
393,robot_002,unknown,388.2587329780935,257.7702782711664,651.2702702702703,294.3243243243243,1.0164146431722976,265.5395771474574
394,robot_001,unknown,632.5468577728776,275.7828004410144,654.3609022556391,295.57142857142856,3.332757877813786,29.452374097510624
394,robot_002,unknown,387.9528985507246,258.2657004830918,654.3609022556391,295.57142857142856,3.332757877813786,269.0073266404442
395,robot_001,unknown,633.7637665198238,277.0132158590308,655.1709401709402,297.22222222222223,1.8388260118146227,29.4392768579081
395,robot_002,unknown,388.055520102106,259.7179323548181,655.1709401709402,297.22222222222223,1.8388260118146227,269.7354618825786
396,robot_001,unknown,634.7614628820961,277.3711790393013,656.453781512605,297.65546218487395,1.3540231804230316,29.69863347525079
396,robot_002,unknown,387.6670574443142,257.9290738569754,656.453781512605,297.65546218487395,1.3540231804230316,271.7066229684924
397,robot_001,unknown,635.8170795993674,277.77332630469164,657.6333333333333,298.625,1.5268746093713295,30.178489406867225
397,robot_002,unknown,387.927409261577,259.86357947434294,657.6333333333333,298.625,1.5268746093713295,272.47703242762833
398,robot_001,unknown,638.1964194373402,278.6854219948849,660.7380952380952,300.1984126984127,3.4806858526426723,31.15984462279004
398,robot_002,unknown,387.8094958968347,259.06447831184056,660.7380952380952,300.1984126984127,3.4806858526426723,276.01090720567754
399,robot_001,unknown,639.0216271884655,279.8501544799176,661.9411764705883,301.2867647058824,1.622317645882082,31.382064898212086
399,robot_002,unknown,387.7154811715481,259.51404662283323,661.9411764705883,301.2867647058824,1.622317645882082,277.38906239844414
400,robot_001,unknown,641.7346544224263,282.2730787820203,664.2605042016806,302.84033613445376,2.791570401742963,30.502884835352244
400,robot_002,unknown,387.8450092994421,260.10601363918164,664.2605042016806,302.84033613445376,2.791570401742963,279.6993888823846
401,robot_001,unknown,642.4727533460803,283.4053537284895,666.2905982905983,303.43589743589746,2.1156500829852694,31.12093216816429
401,robot_002,unknown,387.5637254901961,259.7751225490196,666.2905982905983,303.43589743589746,2.1156500829852694,282.1257394936063
402,robot_001,unknown,643.7971079981925,285.5282422051514,669.0569105691056,305.8130081300813,3.647346826752815,32.39644046111715
402,robot_002,unknown,385.5090529247911,261.96378830083563,669.0569105691056,305.8130081300813,3.647346826752815,286.9183536379539
403,robot_001,unknown,644.324846356453,286.60886742756804,670.8384615384615,306.7076923076923,1.9935856224602646,33.27062595716427
403,robot_002,unknown,383.9984627209839,263.5826287471176,670.8384615384615,306.7076923076923,1.9935856224602646,290.0637102926082
404,robot_001,unknown,644.435350457118,288.0195907705703,672.3692307692307,307.4307692307692,1.692954421877986,34.016106751142594
404,robot_002,unknown,382.42723880597015,266.722947761194,672.3692307692307,307.4307692307692,1.692954421877986,292.7857329728043
405,robot_001,unknown,644.4657070279425,288.7569856054191,674.0305343511451,307.9770992366412,1.7488299135700855,35.26317885057837
405,robot_002,unknown,381.23296032553407,268.7619532044761,674.0305343511451,307.9770992366412,1.7488299135700855,295.4119954125208
406,robot_001,unknown,645.0568228950643,289.4968892575695,675.2573529411765,308.54411764705884,1.3515153460464662,35.70530666984239
406,robot_002,unknown,380.4370122630992,269.5273132664437,675.2573529411765,308.54411764705884,1.3515153460464662,297.39089478599163
407,robot_001,unknown,646.8165798958751,290.11854225070084,679.0845070422536,310.2535211267606,4.1915592289514,38.03467492517009
407,robot_002,unknown,380.2841068917018,271.746835443038,679.0845070422536,310.2535211267606,4.1915592289514,301.2713792786744
408,robot_001,unknown,648.7382178217822,290.3758415841584,680.8344370860927,310.80132450331126,1.8336694624962673,38.04428529415823
408,robot_002,unknown,379.4045092838196,269.53580901856765,680.8344370860927,310.80132450331126,1.8336694624962673,304.24142410773914
409,robot_001,unknown,649.3365384615385,290.44070512820514,682.4893617021277,311.51063829787233,1.8005281291645918,39.281697679657306
409,robot_002,unknown,380.1682692307692,273.0544871794872,682.4893617021277,311.51063829787233,1.8005281291645918,304.75714677742303
410,robot_001,unknown,650.5813771517996,289.9765258215962,683.5857142857143,311.7857142857143,1.1303343693899972,39.55915786657392
410,robot_002,unknown,380.0769230769231,273.44816053511704,683.5857142857143,311.7857142857143,1.1303343693899972,305.92050334784943
411,robot_001,unknown,653.1131257390618,289.0220733149389,686.2867647058823,312.75735294117646,2.8704973522158594,40.79036431850834
411,robot_002,unknown,378.5317324185249,272.31046312178387,686.2867647058823,312.75735294117646,2.8704973522158594,310.4015315591315
412,robot_001,unknown,652.7961553864637,289.3051661994393,687.9328358208955,313.1119402985075,1.6838296557727817,42.442299713321916
412,robot_002,unknown,380.4585152838428,271.9475982532751,687.9328358208955,313.1119402985075,1.6838296557727817,310.21760241117704
413,robot_001,unknown,652.8272438443208,289.12708498808576,689.0985915492957,313.443661971831,1.2120336987272353,43.66814148256824
413,robot_002,unknown,380.6118980169972,271.5396600566572,689.0985915492957,313.443661971831,1.2120336987272353,311.3197479489491
414,robot_001,unknown,652.593799682035,288.7615262321145,689.9574468085107,314.01418439716315,1.0310810802686812,45.09699403499746
414,robot_002,unknown,379.7047756874096,270.8075253256151,689.9574468085107,314.01418439716315,1.0310810802686812,313.246764270444
415,robot_001,unknown,654.4615384615385,288.1042823156225,693.1013513513514,315.44594594594594,3.454573332130496,47.33499456251687
415,robot_002,unknown,381.7185714285714,271.0728571428571,693.1013513513514,315.44594594594594,3.454573332130496,314.5285466255253
416,robot_001,unknown,652.2993451824135,286.9466791393826,694.578125,317.125,2.23608652019067,51.9444537254011
417,robot_001,unknown,653.6076307112577,287.06924163918984,695.8931297709923,317.7251908396947,1.4454987346193118,52.22882970271069
418,robot_001,unknown,654.5970425138632,286.5249537892791,696.8656716417911,318.06716417910445,1.0309138932635482,52.740383432719916
419,robot_001,unknown,656.0405405405405,285.8098788443616,699.9555555555555,319.4592592592593,3.388998570777427,55.32458175237742
420,robot_001,unknown,657.2255639097745,285.3096804511278,701.1590909090909,320.22727272727275,1.4277051636313245,56.11945335587974
421,robot_001,unknown,658.4646840148699,285.02834572490707,702.4411764705883,321.00735294117646,1.5007559852035233,56.81919437105932
422,robot_001,unknown,659.7945590994372,284.80300187617263,703.5928571428572,321.42857142857144,1.2262925364695756,57.093986167878064
423,robot_001,unknown,663.8122312470139,284.22121356903966,706.0608108108108,322.3513513513513,2.6348279057751784,56.91089423349937
424,robot_001,unknown,664.6014251781472,284.387648456057,707.4444444444445,322.89506172839504,1.4866280658682665,57.60507943557541
425,robot_001,unknown,665.3228869895537,284.4235517568851,708.7337662337662,323.56493506493507,1.4529559399469703,58.45128162857762
426,robot_001,unknown,665.4952198852773,284.8876673040153,709.7125,324.025,1.081471002682165,59.04996758085515
427,robot_001,unknown,664.8503973819542,285.76437587657784,711.7385620915032,325.03921568627453,2.265736316721772,61.16382126639194
428,robot_001,unknown,664.7384686346863,286.2707564575646,712.7077922077922,325.5584415584416,1.0995465086339518,62.004662765367904
429,robot_001,unknown,663.7898651789865,287.49558344955835,713.1721854304636,325.9933774834437,0.6362627791412908,62.615442974516334
430,robot_001,unknown,663.1343072573044,288.9622997172479,713.44,326.7733333333333,0.8246549408286106,62.93120835832762
431,robot_001,unknown,661.5104477611941,288.86609808102344,714.4076433121019,327.80254777070064,1.4126627118816142,65.6822686239425
432,robot_001,unknown,661.028583992964,290.30343007915565,715.0753424657535,328.43150684931504,0.9172849515600561,66.14228858761402
433,robot_001,unknown,661.0029411764706,290.459243697479,715.0764331210191,328.6050955414013,0.17359211833813315,66.17437981557234
434,robot_001,unknown,660.1676348547718,291.6004149377593,715.7425149700599,329.1377245508982,0.8528532648581839,67.06427448963642
435,robot_001,unknown,658.7289156626506,293.3666666666667,716.0297619047619,330.1666666666667,1.0682849241180008,68.10012466994525
436,robot_001,unknown,657.9437125748503,294.10938123752493,716.1818181818181,330.76363636363635,0.6160307869678653,68.81287207738389
437,robot_001,unknown,657.6375049038838,294.31737936445666,716.3,331.1588235294118,0.412480106359551,69.2717860247688
438,robot_001,unknown,657.8554122704181,294.4193044157874,716.374269005848,331.7719298245614,0.6175882239662303,69.42388075115042
439,robot_001,unknown,658.2599531615925,294.4551131928181,716.4364640883978,332.7900552486188,1.020023336696448,69.67118634010968
440,robot_001,unknown,659.176539360873,293.8312548713952,716.6373626373627,333.467032967033,0.7061579555634234,69.80502214639446
441,robot_001,unknown,659.6179116151741,293.8811106765741,716.716577540107,333.8235294117647,0.365191341522678,69.68252625173974
442,robot_001,unknown,660.2976653696498,293.5237354085603,717.483870967742,334.23655913978496,0.871397016474299,70.19826299045462
443,robot_001,unknown,661.2854338437377,292.8916372202592,718.1185567010309,335.0979381443299,1.0699531622979275,70.79107070390583
444,robot_001,unknown,661.7323775388292,292.7096774193548,718.3867403314918,335.5138121546961,0.49484709976440433,71.0064136109118
445,robot_001,unknown,662.5999200639488,292.3073541167066,718.9065934065934,336.0,0.7117765383980382,71.27053224999904
446,robot_001,unknown,663.2940226171244,292.3998384491115,719.2192513368984,336.620320855615,0.6946603092832624,71.29573810279915
447,robot_001,unknown,664.453423566879,292.8471337579618,720.0457142857143,337.2914285714286,1.0646250851778902,71.17442046714434
448,robot_001,unknown,664.4468085106383,294.0049099836334,720.5159574468086,337.88829787234044,0.7598562975503398,71.20042973899214
448,robot_003,unknown,383.175704989154,256.74620390455533,720.5159574468086,337.88829787234044,0.7598562975503398,346.9617923369531
449,robot_001,unknown,664.3638877913868,294.2722244172264,720.6455026455027,338.2433862433862,0.3779810970890586,71.42186810024904
449,robot_003,unknown,383.9730103806229,256.7370242214533,720.6455026455027,338.2433862433862,0.3779810970890586,346.3981150322501
450,robot_001,unknown,664.4486826582777,294.90994887927644,721.2702702702703,338.38378378378377,0.6403483851056889,71.54486103174507
450,robot_003,unknown,384.0756419153366,256.7446217904233,721.2702702702703,338.38378378378377,0.6403483851056889,346.9368388660968
451,robot_001,unknown,664.2570111409912,296.76872839031887,720.9547738693467,339.3768844221105,1.0420109677161289,70.92313627322471
451,robot_003,unknown,385.88519398258114,254.62311955661124,720.9547738693467,339.3768844221105,1.0420109677161289,345.62237199633057
452,robot_001,unknown,664.5721317682696,297.52215070049226,721.1243781094528,339.6517412935323,0.32297352527685486,70.51991895749053
452,robot_003,unknown,384.487684729064,254.25812807881772,721.1243781094528,339.6517412935323,0.32297352527685486,347.2986215174863
453,robot_001,unknown,664.9191957511381,298.75151745068285,721.1317073170732,339.9073170731708,0.2556808487590833,69.66811536934787
453,robot_003,unknown,377.7353535353535,245.3878787878788,721.1317073170732,339.9073170731708,0.2556808487590833,356.16706754604235
454,robot_001,unknown,664.8217488789238,300.1618086696562,721.3039215686274,340.3578431372549,0.4823188601511433,69.32501005171137
454,robot_003,unknown,377.1351351351352,244.2132132132132,721.3039215686274,340.3578431372549,0.4823188601511433,357.34569175846195
455,robot_001,unknown,665.7817445712183,302.17114464482887,721.1658536585365,340.9463414634146,0.6044774831948951,67.60854552285558
456,robot_001,unknown,666.0304678998912,303.3939064200218,721.5247524752475,341.2079207920792,0.4441082140888063,67.15292475730897
457,robot_001,unknown,667.8311493822538,303.8611007113441,721.6197916666666,341.6354166666667,0.437932838109796,65.72759682730737
458,robot_001,unknown,668.7362799263352,304.7572744014733,721.9045226130653,341.79396984924625,0.3259000207781374,64.7964415696272
459,robot_001,unknown,669.2993269571379,307.3099539496989,722.3705583756346,342.33502538071065,0.7140941255337041,63.58703667433409
460,robot_001,unknown,668.7017045454545,308.17471590909093,722.6205128205128,342.4307692307692,0.2676641726836189,63.8804749119804
461,robot_001,unknown,667.7009148486981,308.445109078114,722.955223880597,342.83084577114425,0.5216250874921464,65.08008569843005
462,robot_001,unknown,665.6246056782335,309.14756396775323,723.4072164948453,343.1340206185567,0.544253903466538,67.03662691738727
463,robot_001,unknown,661.5108514190317,311.77829716193656,724.2425742574258,343.63861386138615,0.9759287536559873,70.35871538382656
465,robot_001,unknown,661.8358642972536,314.9712439418417,725.0056818181819,343.35227272727275,0.20167494859391866,69.25249916462832
466,robot_001,unknown,663.928,316.46944,724.9623655913979,343.7043010752688,0.354683314092491,66.83510635088123
467,robot_001,unknown,667.47124245313,318.9571020019066,725.4114583333334,343.8125,0.4619429598685555,63.046486229513185
468,robot_001,unknown,667.91215589236,319.55892360037114,725.7631578947369,344.05263157894734,0.4258588459797006,62.82260869479058
469,robot_001,unknown,667.0472770795931,320.1959904248953,725.9629629629629,344.2962962962963,0.3151103929888204,63.654401153439444
470,robot_001,unknown,665.2153392330383,320.76755162241886,725.9635416666666,344.359375,0.06308135825198481,65.16838366260183
471,robot_001,unknown,659.7744009351256,322.0762711864407,726.4226804123712,344.5,0.48019139770734576,70.31939114626262
472,robot_001,unknown,656.3062117235346,322.5258092738408,726.5618556701031,344.8298969072165,0.35805268014045416,73.71111063811418
473,robot_001,unknown,652.7396517270911,322.5269768769626,726.595,345.045,0.21764164842546108,77.2118762489445
474,robot_001,unknown,650.6221966647498,322.34128809660723,726.6281407035176,345.0251256281407,0.0386431997438379,79.3187242357144
475,robot_001,unknown,649.0244826581172,321.56776450014576,726.726368159204,345.18905472636817,0.19110568357923466,81.2129814892633
476,robot_001,unknown,649.0046728971963,321.55782710280374,726.8324607329843,345.0732984293194,0.1570195991517509,81.30277947967463
477,robot_001,unknown,648.8663148636764,320.9434183523893,726.8404255319149,345.3085106382979,0.2353470230841162,81.6922251906725
478,robot_001,unknown,648.9852594339623,320.4425117924528,726.7268041237113,345.3556701030928,0.12301967128027638,81.63585748774406
479,robot_001,unknown,648.8408211841714,319.3091341862541,726.3689839572193,345.32085561497325,0.35950983314983426,81.77545887764548
480,robot_001,unknown,648.5567010309278,318.65854420493594,726.4507772020726,345.580310880829,0.2720425883642471,82.41522082423447
481,robot_001,unknown,649.0248771498772,317.6855036855037,726.258064516129,345.35483870967744,0.2966072812447188,82.03997398482359
482,robot_001,unknown,649.0541371885573,317.1697939095663,726.0315789473684,345.4736842105263,0.25577327055193533,82.01607614303389
483,robot_001,unknown,649.2194668319901,315.6404215747055,725.0402010050251,345.9849246231156,1.1154357821180718,81.66745126299101
484,robot_001,unknown,649.0071339950372,314.8998138957816,724.3613861386139,346.05445544554453,0.6823665863218675,81.54063408026666
485,robot_001,unknown,648.5056179775281,314.86079900124844,723.9798994974874,346.14070351758795,0.3911148006521271,81.69944673928572
486,robot_001,unknown,648.0524193548387,315.45626550868485,723.515625,346.078125,0.4684729233164694,81.43950936093462
487,robot_001,unknown,647.4459208899876,315.08652657601976,722.6954314720812,346.0913705583756,0.8203004742511256,81.3866647136669
488,robot_001,unknown,647.2675658720201,314.5944165621079,722.6363636363636,346.05555555555554,0.06907766385277038,81.67165324154732
489,robot_001,unknown,646.6870109546165,314.7035993740219,722.280612244898,346.0,0.36006315040954706,81.81599628541939
490,robot_001,unknown,645.4639045825486,315.0332705586943,722.3128205128205,345.9743589743589,0.041168370364869505,82.84387021381832
491,robot_001,unknown,641.8687558175612,316.5271486192988,721.9901960784314,345.90686274509807,0.32960926356723325,85.33822585213423
492,robot_001,unknown,639.3287587679171,317.6633119853614,721.915,345.655,0.2628484212998275,87.20104264716477
493,robot_001,unknown,636.4959881129272,319.0029717682021,721.9497487437186,345.6683417085427,0.0372219878144971,89.51752431786647
494,robot_001,unknown,633.309461426492,320.45269286754,721.9497487437186,345.6683417085427,0.0,92.15709132862885
495,robot_001,unknown,625.8761850043091,324.2700373455904,721.905472636816,345.66169154228857,0.0447727411899601,98.38306232516771
496,robot_001,unknown,622.9710365853658,327.2280487804878,722.2114285714285,344.84,0.8768044391956913,100.79105231768273
496,robot_004,unknown,384.32913518052055,261.5340050377834,722.2114285714285,344.84,0.8768044391956913,348.00047842459134
497,robot_001,unknown,620.6327021340547,330.2807333934476,721.8813559322034,345.07909604519773,0.4075719151195943,102.32439314801763
497,robot_004,unknown,385.1324921135647,262.0717665615142,721.8813559322034,345.07909604519773,0.4075719151195943,346.82850810041106
498,robot_001,unknown,617.8133566637504,332.88188976377955,722.0231213872833,345.0635838150289,0.14261161782550413,104.91934394425235
498,robot_004,unknown,385.9255162241888,262.8702064896755,722.0231213872833,345.0635838150289,0.14261161782550413,346.00195298945243
499,robot_001,unknown,611.8272486772487,334.9896825396825,722.3801169590644,345.15204678362574,0.36779278824399164,111.01896384115221
499,robot_004,unknown,389.0862181580666,264.310254735467,722.3801169590644,345.15204678362574,0.36779278824399164,342.9580416312286
500,robot_001,unknown,609.358390682901,336.8208046585495,722.5549132947976,345.08092485549133,0.18871165212390958,113.49749916669332
500,robot_004,unknown,391.86936642717177,266.31417374265186,722.5549132947976,345.08092485549133,0.18871165212390958,339.93695296041705
501,robot_001,unknown,607.5045992115637,339.19369250985545,722.5511363636364,345.10227272727275,0.021679410476134326,115.19816418185185
501,robot_004,unknown,395.1454207920792,266.45111386138615,722.5511363636364,345.10227272727275,0.021679410476134326,336.72022122211536
502,robot_001,unknown,606.9365449365449,340.06500906500906,722.9431818181819,344.9886363636364,0.4081823876287201,116.11107572649458
502,robot_004,unknown,397.91045638359327,265.9792027729636,722.9431818181819,344.9886363636364,0.4081823876287201,334.49777757072707
503,robot_001,unknown,608.7707006369427,339.5368152866242,723.3651685393259,345.0056179775281,0.42232827046293725,114.72488778247882
503,robot_004,unknown,405.54517516902274,269.240319606638,723.3651685393259,345.0056179775281,0.42232827046293725,326.7260758236623
504,robot_001,unknown,611.6568501920615,338.5605633802817,723.5674157303371,345.0449438202247,0.20603506540326655,112.09826880370005
504,robot_004,unknown,408.93810096153845,270.15865384615387,723.5674157303371,345.0449438202247,0.20603506540326655,323.418555648813
505,robot_001,unknown,614.3845955027139,337.3225639700181,724.1206896551724,344.98275862068965,0.5567576087885522,110.00313150962307
505,robot_004,unknown,411.9274924471299,270.5438066465257,724.1206896551724,344.98275862068965,0.5567576087885522,320.9450886896256
506,robot_001,unknown,616.7925849105523,335.7573243453461,724.2228571428572,345.04571428571427,0.12000671355593902,107.83106036570109
506,robot_004,unknown,414.4244354371743,270.86855819339894,724.2228571428572,345.04571428571427,0.12000671355593902,318.55503853694705
507,robot_001,unknown,619.4144385026738,334.60267379679146,724.8031914893617,345.34574468085106,0.6533040576475538,105.93489900929272
507,robot_004,unknown,416.6491024898668,272.95946728430806,724.8031914893617,345.34574468085106,0.6533040576475538,316.54180722684623
508,robot_001,unknown,619.8223876628556,334.12496676415844,724.6864864864865,344.9405405405405,0.42167576764726644,105.42037686426943
508,robot_004,unknown,416.9196067090804,273.41295546558706,724.6864864864865,344.9405405405405,0.42167576764726644,315.96937781148193
509,robot_001,unknown,620.6300239552835,333.78839499600747,724.9086021505376,345.0,0.2299365032700955,104.87955929154774
509,robot_004,unknown,417.45882352941175,274.4294117647059,724.9086021505376,345.0,0.2299365032700955,315.4450416444277
510,robot_001,unknown,622.5802335052946,333.8286722780342,724.8736263736264,344.85714285714283,0.1470764027159212,102.88617685495531
510,robot_004,unknown,418.0121457489879,275.0167727009832,724.8736263736264,344.85714285714283,0.1470764027159212,314.7088266869787
511,robot_001,unknown,629.0224043715847,333.59262295081965,725.0263157894736,344.91052631578947,0.16175243852520768,96.66874336678151
511,robot_004,unknown,419.5200793257313,273.7947446703024,725.0263157894736,344.91052631578947,0.16175243852520768,313.6742178077259
512,robot_001,unknown,632.7862857142857,333.9602857142857,725.2596685082873,345.30386740331494,0.4573518366787673,93.16653568155057
512,robot_004,unknown,421.2817258883249,273.19492385786805,725.2596685082873,345.30386740331494,0.4573518366787673,312.4136510120926
513,robot_001,unknown,636.9976804870977,333.12989272252827,725.2881355932203,345.1694915254237,0.13735811400721537,89.10755524747012
513,robot_004,unknown,424.5823129251701,267.90816326530614,725.2881355932203,345.1694915254237,0.13735811400721537,310.47271157218717
514,robot_001,unknown,640.5905828308929,332.48550100488086,725.4162436548223,345.5279187817259,0.3806333846468417,85.82247605191822
514,robot_004,unknown,423.0952380952381,260.482683982684,725.4162436548223,345.5279187817259,0.3806333846468417,314.05522183938024
515,robot_001,unknown,649.6842255940452,331.41769252791295,725.5025125628141,345.4572864321608,0.11149553036412246,77.10721649673776
515,robot_004,unknown,423.5421686746988,252.089156626506,725.5025125628141,345.4572864321608,0.11149553036412246,316.0659060139743
516,robot_001,unknown,655.1597080291971,331.1471532846716,725.3264248704663,345.33678756476684,0.213370223882325,71.5871068928317
516,robot_004,unknown,426.0542857142857,252.22,725.3264248704663,345.33678756476684,0.213370223882325,313.42391325726607
517,robot_001,unknown,660.9471687098658,330.70110916520724,725.540404040404,345.35353535353534,0.2146335798421766,66.23427846418123
517,robot_004,unknown,429.3447098976109,252.0170648464164,725.540404040404,345.35353535353534,0.2146335798421766,310.5536764481421
518,robot_001,unknown,666.1272463768116,330.31159420289856,725.595,345.345,0.05525912652385305,61.338544251135936
518,robot_004,unknown,434.20714285714286,252.08214285714288,725.595,345.345,0.05525912652385305,305.94908696179357
519,robot_001,unknown,670.9426061493411,330.7838945827233,725.2383419689119,345.33678756476684,0.35675256864126653,56.21221951084504
519,robot_004,unknown,445.3333333333333,252.25,725.2383419689119,345.33678756476684,0.35675256864126653,294.9779040511532
520,robot_001,unknown,671.0892351274788,330.6008498583569,725.219387755102,345.3775510204082,0.04495466090377092,56.110821779068225
520,robot_004,unknown,451.9579439252336,252.7429906542056,725.219387755102,345.3775510204082,0.04495466090377092,288.5359223012344
521,robot_001,unknown,670.2851111736561,330.6422741345342,724.7978142076503,345.4535519125683,0.42836945680125404,56.48901434341481
521,robot_004,unknown,456.512315270936,252.7142857142857,724.7978142076503,345.4535519125683,0.42836945680125404,283.86207995207394
522,robot_001,unknown,668.9601218499031,330.8031016338964,725.010582010582,345.4550264550264,0.21277291237335877,57.93386734189162
522,robot_004,unknown,461.225641025641,252.5692307692308,725.010582010582,345.4550264550264,0.21277291237335877,279.66098428385067
523,robot_001,unknown,664.8687006265322,331.1427403977118,725.1336898395722,345.44919786096256,0.1232457304227828,61.93983895681053
523,robot_004,unknown,479.1621621621622,252.8288288288288,725.1336898395722,345.44919786096256,0.1232457304227828,262.83174311259955
524,robot_001,unknown,661.94496897761,331.4318856217966,725.328125,345.390625,0.20306602781344113,64.90200977155672
524,robot_004,unknown,487.1,253.7125,725.328125,345.390625,0.20306602781344113,255.25970724838504
525,robot_001,unknown,657.4998620689655,332.5144827586207,725.2722513089005,345.4659685863874,0.09380045504578724,68.99882410908248
525,robot_004,unknown,493.5625,253.546875,725.2722513089005,345.4659685863874,0.09380045504578724,249.27600890855018
526,robot_001,unknown,651.9991861096039,332.293543136191,725.4479166666666,345.4479166666667,0.1765904576263767,74.61738110804534
526,robot_004,unknown,500.7671232876712,254.1780821917808,725.4479166666666,345.4479166666667,0.1765904576263767,242.51111644311877
527,robot_001,unknown,639.5713520749665,333.46345381526106,725.8507462686567,345.4776119402985,0.40392263803304806,87.11184682856626
529,robot_001,unknown,631.4153928667203,334.7806382408152,725.6288659793814,345.5103092783505,0.30241946928746205,94.82248866447165
530,robot_001,unknown,628.1269965959675,335.5438596491228,725.7209302325581,345.26162790697674,0.26517588725470226,98.07655633522519
531,robot_001,unknown,624.0084920226454,337.1881111682965,725.0867346938776,345.0765306122449,0.6606549703130254,101.38559218561657
533,robot_001,unknown,620.9169443732376,339.9064342476288,726.6724137931035,347.37068965517244,1.3944124138833676,106.01855696530319
616,robot_001,unknown,636.9102564102565,310.68666666666667,522.469387755102,281.51020408163265,2.5850738805832254,118.10155963204802
616,robot_006,unknown,546.0134020618557,276.9587628865979,522.469387755102,281.51020408163265,2.5850738805832254,23.979912982087303
617,robot_001,unknown,642.2891628145866,312.582948125321,525.5675675675676,281.94594594594594,3.12867210213604,120.67541878753914
617,robot_006,unknown,549.6903225806452,278.2870967741936,525.5675675675676,281.94594594594594,3.12867210213604,24.398657477053803
618,robot_001,unknown,647.7492401215806,314.06382978723406,528.5277777777778,282.5833333333333,3.0280533631746565,123.30765888775453
618,robot_006,unknown,552.4757804090419,279.59526372443486,528.5277777777778,282.5833333333333,3.0280533631746565,24.133698224985224
619,robot_001,unknown,652.7171152869477,315.70898933468766,531.6875,284.2708333333333,3.582108425439495,125.04609321874892
619,robot_006,unknown,555.1187363834423,280.30392156862746,531.6875,284.2708333333333,3.582108425439495,23.764663418733953
620,robot_001,unknown,661.5041623309053,318.9583766909469,536.1111111111111,285.1333333333333,4.506910417608218,129.87513562015775
620,robot_006,unknown,558.5046826222684,281.48387096774195,536.1111111111111,285.1333333333333,4.506910417608218,22.68899778710346
621,robot_001,unknown,665.7699845281072,320.0061887570913,538.1891891891892,286.1351351351352,2.306949359800122,132.00040762350818
621,robot_006,unknown,559.9876160990713,281.1940144478844,538.1891891891892,286.1351351351352,2.306949359800122,22.351422536193304
622,robot_001,unknown,669.5358062854199,321.4817104585265,539.7073170731708,286.8292682926829,1.6692912006386436,134.3734659789358
622,robot_006,unknown,560.9616161616161,281.58181818181816,539.7073170731708,286.8292682926829,1.6692912006386436,21.892486437294036
623,robot_001,unknown,673.1326424870466,322.8658031088083,541.081081081081,287.4594594594595,1.51141273519608,136.71585145976775
623,robot_006,unknown,562.1857923497267,282.9147540983607,541.081081081081,287.4594594594595,1.51141273519608,21.58849657924565
624,robot_001,unknown,679.1064171122995,324.9294117647059,543.5925925925926,287.0740740740741,2.5409077054713727,140.70189489708258
624,robot_006,unknown,564.4174041297935,285.6297935103245,543.5925925925926,287.0740740740741,2.5409077054713727,20.87483465579448
625,robot_001,unknown,681.621480709072,325.7883211678832,544.4,287.1666666666667,0.8126992738641449,142.55303211226888
625,robot_006,unknown,564.2692307692307,286.1449704142012,544.4,287.1666666666667,0.8126992738641449,19.895481763286043
626,robot_001,unknown,684.289023162135,326.3957703927492,544.4848484848485,287.27272727272725,0.13582384746068865,145.17513478612076
626,robot_006,unknown,564.0634005763688,286.507204610951,544.4848484848485,287.27272727272725,0.13582384746068865,19.593512368793625
627,robot_001,unknown,686.1857786680021,327.2408612919379,544.8709677419355,287.4193548387097,0.4130226674158981,146.818350907761
627,robot_006,unknown,563.6526458616011,286.7842605156038,544.8709677419355,287.4193548387097,0.4130226674158981,18.792412771913185
628,robot_001,unknown,689.333670886076,329.0212658227848,544.8461538461538,287.34615384615387,0.07729239765346897,150.37771623025313
628,robot_006,unknown,563.351677852349,287.43624161073825,544.8461538461538,287.34615384615387,0.07729239765346897,18.50574328550987
629,robot_001,unknown,690.666163901458,329.3519356460533,544.4857142857143,286.6,0.8286508546185352,152.30381430333676
629,robot_006,unknown,562.8222222222222,288.21944444444443,544.4857142857143,286.6,0.8286508546185352,18.407882105616064
630,robot_001,unknown,691.5966514459665,330.1339421613394,544.3783783783783,286.2432432432432,0.3725538625423923,153.62165659997913
630,robot_006,unknown,562.7700296735906,289.00890207715133,544.3783783783783,286.2432432432432,0.3725538625423923,18.59843289501176
631,robot_001,unknown,692.0378787878788,330.3818181818182,543.9722222222222,285.3888888888889,0.9459831848334944,154.75077492722772
631,robot_006,unknown,562.3378196500673,288.84253028263794,543.9722222222222,285.3888888888889,0.9459831848334944,18.687504053733058
632,robot_001,unknown,692.1841712294674,330.61075161772027,543.3939393939394,284.1818181818182,1.338443394901321,155.86590053525376
632,robot_006,unknown,560.1107055961071,287.8345498783455,543.3939393939394,284.1818181818182,1.338443394901321,17.11118701624035
633,robot_001,unknown,691.9561097256858,330.6109725685786,542.75,283.8125,0.7423300226237002,156.37314415917265
633,robot_006,unknown,557.59902200489,287.83496332518337,542.75,283.8125,0.7423300226237002,15.384201822134054
634,robot_001,unknown,691.2400793650794,330.75843253968253,542.7741935483871,283.0967741935484,0.7161345947545982,155.92867897740538
634,robot_006,unknown,555.9071618037135,288.4363395225464,542.7741935483871,283.0967741935484,0.7161345947545982,14.176946536474249
635,robot_001,unknown,690.2043978010995,330.4062968515742,542.6666666666666,282.6190476190476,0.4896781701044177,155.08385891996568
635,robot_006,unknown,553.3085399449036,288.6418732782369,542.6666666666666,282.6190476190476,0.4896781701044177,12.227996393156296
636,robot_001,unknown,688.3147310206134,330.10910005027654,539.5,285.5,4.2810821528081995,155.35699525941246
636,robot_006,unknown,548.7463976945245,288.7593659942363,539.5,285.5,4.2810821528081995,9.804046971005993
1168,robot_001,unknown,591.3077731092437,289.35714285714283,481.5725806451613,365.03225806451616,0.18494718045439595,133.29867038638622
1168,robot_007,unknown,649.8299358517463,412.38289379900215,481.5725806451613,365.03225806451616,0.18494718045439595,174.79307848303065
1168,robot_008,unknown,608.1735357917571,276.9566160520607,481.5725806451613,365.03225806451616,0.18494718045439595,154.22425412345677
1169,robot_001,unknown,593.4511201629327,288.55091649694504,481.7862595419848,364.2519083969466,0.8090761859204928,134.9061943431058
1169,robot_007,unknown,643.4651195499297,411.66793248945146,481.7862595419848,364.2519083969466,0.8090761859204928,168.4883767926133
1169,robot_008,unknown,609.9168399168399,275.85862785862787,481.7862595419848,364.2519083969466,0.8090761859204928,155.66251209434824
1170,robot_001,unknown,594.893509127789,286.7180527383367,484.04545454545456,362.3727272727273,2.9385853333406673,134.20477258127877
1170,robot_007,unknown,629.9974391805378,410.50263195333616,484.04545454545456,362.3727272727273,2.9385853333406673,153.6830164445117
1170,robot_008,unknown,611.3830227743272,273.7701863354037,484.04545454545456,362.3727272727273,2.9385853333406673,155.12983769408413
1171,robot_001,unknown,595.0101317122594,285.9949341438703,484.84033613445376,361.2436974789916,1.3807769608712221,133.41574210384837
1171,robot_007,unknown,622.2284980744545,410.280701754386,484.84033613445376,361.2436974789916,1.3807769608712221,145.87712236521844
1171,robot_008,unknown,611.9838383838384,273.05252525252524,484.84033613445376,361.2436974789916,1.3807769608712221,154.73575224529563
1172,robot_001,unknown,594.8434343434343,285.6424242424242,484.9565217391304,360.6782608695653,0.5772500792668327,133.06205447099083
1172,robot_007,unknown,614.3560540696002,409.29177451826286,484.9565217391304,360.6782608695653,0.5772500792668327,138.22992684877036
1172,robot_008,unknown,612.0099403578529,272.50497017892644,484.9565217391304,360.6782608695653,0.5772500792668327,154.65154500980663
1173,robot_001,unknown,594.5114885114886,284.6003996003996,484.6532258064516,359.7016129032258,1.0226581407951427,133.07527991375974
1173,robot_007,unknown,605.8554130027389,409.5064148767479,484.6532258064516,359.7016129032258,1.0226581407951427,131.03621057091675
1173,robot_008,unknown,612.2374517374517,271.6988416988417,484.6532258064516,359.7016129032258,1.0226581407951427,154.99103988961315
1174,robot_001,unknown,592.3546798029556,283.76059113300494,483.5078125,358.546875,1.6264658827478244,132.0629727679261
1174,robot_007,unknown,587.4505094614265,408.1604075691412,483.5078125,358.546875,1.6264658827478244,115.17632945012691
1174,robot_008,unknown,611.3913894324853,270.7827788649706,483.5078125,358.546875,1.6264658827478244,155.10237206260118
1175,robot_001,unknown,589.47791952895,283.13640824337585,483.5609756097561,357.7154471544715,0.8331257879570588,129.53930698473104
1175,robot_007,unknown,579.0557908573097,407.6635022637652,483.5609756097561,357.7154471544715,0.8331257879570588,107.7685851645341
1175,robot_008,unknown,610.6410256410256,271.03846153846155,483.5609756097561,357.7154471544715,0.8331257879570588,153.82535210890293
1176,robot_001,unknown,586.3752577319588,283.3938144329897,483.11764705882354,357.3529411764706,0.5726698771180155,127.01215135010918
1176,robot_007,unknown,571.3948028938432,406.8812933707367,483.11764705882354,357.3529411764706,0.5726698771180155,101.2221019017073
1176,robot_008,unknown,609.2086811352253,271.15692821368947,483.11764705882354,357.3529411764706,0.5726698771180155,152.7373612615337
1177,robot_001,unknown,583.6656862745098,282.72254901960787,482.54545454545456,356.77685950413223,0.8119571205178783,125.33691461926195
1177,robot_007,unknown,564.5711287663019,404.6696147504122,482.54545454545456,356.77685950413223,0.8119571205178783,94.98382618353848
1177,robot_008,unknown,608.8592964824121,270.6917922948074,482.54545454545456,356.77685950413223,0.8119571205178783,152.8588416196743
1178,robot_001,unknown,581.0294676806084,281.9391634980989,481.6393442622951,356.11475409836066,1.1222385724966346,124.01780063363965
1178,robot_007,unknown,554.0100723953415,400.81775259678943,481.6393442622951,356.11475409836066,1.1222385724966346,85.0639780709663
1178,robot_008,unknown,608.2125,270.09375,481.6393442622951,356.11475409836066,1.1222385724966346,153.03717489385213
1179,robot_001,unknown,581.1690962099125,281.36831875607385,481.5403225806452,356.08870967741933,0.10238947845820746,124.5352534598556
1179,robot_007,unknown,549.8706649697741,398.4379573655743,481.5403225806452,356.08870967741933,0.10238947845820746,80.38964156387493
1179,robot_008,unknown,607.9400324149109,270.0599675850892,481.5403225806452,356.08870967741933,0.10238947845820746,152.89810696073127
1180,robot_001,unknown,582.8383534136547,281.0190763052209,481.491935483871,355.71774193548384,0.37411011305623765,125.90070323131721
1180,robot_007,unknown,545.6808647950952,396.58486608583416,481.491935483871,355.71774193548384,0.37411011305623765,76.09428679238334
1180,robot_008,unknown,607.7488,269.7456,481.491935483871,355.71774193548384,0.37411011305623765,152.74817519832806
1181,robot_001,unknown,583.7569515962925,280.9351184346035,480.9763779527559,355.59055118110234,0.531015118324889,127.03259407357415
1181,robot_007,unknown,541.686996547756,393.9672858786783,480.9763779527559,355.59055118110234,0.531015118324889,71.82306715976218
1181,robot_008,unknown,607.8515358361775,269.17747440273035,480.9763779527559,355.59055118110234,0.531015118324889,153.50741195866723
1182,robot_001,unknown,587.2992700729927,280.43065693430657,480.8114754098361,355.42622950819674,0.2327970378847692,130.24586871723895
1182,robot_007,unknown,532.8613554061045,390.0194861182962,480.8114754098361,355.42622950819674,0.2327970378847692,62.49706721533526
1182,robot_008,unknown,608.3264957264958,268.2871794871795,480.8114754098361,355.42622950819674,0.2327970378847692,154.44511790575794
1183,robot_001,unknown,588.7221052631579,279.75157894736844,480.8347107438017,355.4710743801653,0.05050686375503793,131.80717690919778
1183,robot_007,unknown,528.0073426573426,388.5739510489511,480.8347107438017,355.4710743801653,0.05050686375503793,57.62861828466186
1183,robot_008,unknown,608.5017730496454,267.92198581560285,480.8347107438017,355.4710743801653,0.05050686375503793,154.80220187804107
1185,robot_001,unknown,588.4100327153762,279.61286804798254,479.9888888888889,354.6333333333333,1.2356964348141464,131.84541948916686
1185,robot_008,unknown,608.1848906560637,268.02982107355865,479.9888888888889,354.6333333333333,1.2356964348141464,154.70741160273616
