frame,possessor_id,possessor_team,has_possession,is_ball_free,robot_id,team,distance_robot_ball,robot_x,robot_y,ball_x,ball_y,ball_speed_px_per_frame
1,,,False,True,robot_001,unknown,55.665736490413515,763.9552461461959,282.0870213823968,806.4520547945206,318.041095890411,1.0104811691334865
2,,,False,True,robot_001,unknown,56.32821652121409,762.3706326723324,281.4291784702549,805.0066666666667,318.24,1.4590098303138375
3,,,False,True,robot_001,unknown,56.97810084673103,759.0233426704015,281.82026143790847,802.9869281045752,318.06535947712416,2.027274813987876
4,,,False,True,robot_001,unknown,58.336508179226676,752.778672985782,282.4744075829384,799.1468531468531,317.87412587412587,3.844833672844647
5,,,False,True,robot_001,unknown,58.24194671276756,750.3868852459017,282.3728337236534,796.3924050632911,318.0886075949367,2.762786031092603
6,,,False,True,robot_001,unknown,58.109629619122956,747.6611374407582,282.4829383886256,793.7183098591549,317.9154929577465,2.6796928626978023
7,,,False,True,robot_001,unknown,57.025321129938106,745.6869976359338,282.30827423167847,790.5065789473684,317.5657894736842,3.230713230308481
8,,,False,True,robot_001,unknown,56.712041864388326,744.8384945212006,282.2982372558361,789.2745098039215,317.5359477124183,1.2324304868630165
9,,,False,True,robot_001,unknown,55.01275272925464,738.8306930693069,283.0306930693069,782.046052631579,317.07236842105266,7.243307176405959
10,,,False,True,robot_001,unknown,54.3349207284347,736.0488165680473,282.2435897435897,778.1192052980133,316.6291390728477,3.9517821595125837
11,,,False,True,robot_001,unknown,53.41723727583845,732.7160975609756,282.2712195121951,773.9246575342465,316.2602739726028,4.210735375762697
12,,,False,True,robot_001,unknown,51.4269980336473,727.1763236763237,282.6978021978022,767.1390728476821,315.0662251655629,6.889841224014626
13,,,False,True,robot_001,unknown,50.09731002606443,717.676455948233,281.90343454454955,756.6544117647059,313.375,10.620186466607336
14,,,False,True,robot_001,unknown,49.20251714598486,711.7339312406577,282.18086696562034,750.7132352941177,312.2058823529412,6.055114691509553
15,,,False,True,robot_001,unknown,48.94403108647613,705.8303482587065,281.8611940298508,744.751677852349,311.53691275167785,5.998973867164488
16,,,False,True,robot_001,unknown,48.29940698478181,698.5111473626971,282.26971179989124,737.8189655172414,310.33620689655174,7.0359217499832045
17,,,False,True,robot_001,unknown,46.391420871438214,684.3773684210527,283.6684210526316,723.5,308.6,14.423840954183524
18,,,False,True,robot_001,unknown,45.677329872697904,678.0282051282052,283.77076923076925,716.5681818181819,308.2878787878788,6.9388416149124215
19,,,False,True,robot_001,unknown,45.44155557012722,671.5107142857142,284.325,710.488188976378,307.68503937007875,6.109805915087676
20,,,False,True,robot_001,unknown,45.22663614655354,664.980678851175,285.3420365535248,704.5811965811965,307.1880341880342,5.927864143830413
21,,,False,True,robot_001,unknown,46.028871364980986,653.7743813682679,284.471615720524,694.6076923076923,305.7153846153846,10.081640950630586
22,,,False,True,robot_001,unknown,45.69794622522254,649.0520059435364,284.96235760277364,689.9516129032259,305.3467741935484,4.670647606465639
23,,,False,True,robot_001,unknown,44.64780772540915,645.2585858585859,285.64141414141415,685.327868852459,305.3360655737705,4.623756451364987
24,,,False,True,robot_001,unknown,43.76291519909541,642.2523136872869,285.63029712615685,681.4132231404959,305.1652892561983,3.9183689975338614
25,,,False,True,robot_001,unknown,39.49562218110162,639.0206297502715,288.6905537459284,674.5564516129032,305.9274193548387,6.898996888596205
26,,,False,True,robot_001,unknown,38.20924784588112,637.6981818181819,288.5116883116883,671.4344262295082,306.4508196721312,3.1655947919316167
27,,,False,True,robot_001,unknown,36.50623927527474,637.8008255933953,288.2466460268318,669.2869565217392,306.7217391304348,2.1644915104183253
28,,,False,True,robot_001,unknown,34.091076052730486,639.0074034902168,288.66314119513487,667.6486486486486,307.15315315315314,1.694157827957131
29,,,False,True,robot_001,unknown,30.442871236520173,640.8534577387486,288.9714599341383,664.8666666666667,307.68333333333334,2.8320513363158235
30,,,False,True,robot_001,unknown,29.580569050479827,640.6404867256637,289.53926991150445,663.8403361344538,307.890756302521,1.0470810138184496
31,,,False,True,robot_001,unknown,29.489337719106036,639.925925925926,289.726368159204,662.7213114754098,308.4344262295082,1.2441033626908162
32,,,False,True,robot_001,unknown,29.825581536297225,639.4918292040063,289.3510806536637,662.3584905660377,308.5,0.36869897159350007
33,,,False,True,robot_001,unknown,29.09651606529661,639.8704474505723,288.87148803329865,660.6822429906542,309.2056074766355,1.8187049912129936
34,,,False,False,robot_001,unknown,27.461609414022238,641.4752808988763,289.2853932584269,660.4705882352941,309.11764705882354,0.22920464778925642
35,,,False,False,robot_001,unknown,26.692003067323455,642.1300949190396,288.5689558905639,659.2543859649123,309.0438596491228,1.2184385681322731
36,,,False,False,robot_001,unknown,26.589834574274608,643.3011235955056,288.147191011236,659.130081300813,309.5121951219512,0.48455109599118745
37,,,False,False,robot_001,unknown,26.086610057530184,645.2486187845304,288.5646408839779,659.659793814433,310.30927835051546,0.9570459865356552
38,,,False,False,robot_001,unknown,26.07654590435248,645.8611570247934,288.9482093663912,660.2403846153846,310.7019230769231,0.7008962543239997
39,,,False,False,robot_001,unknown,26.630755176385183,645.7754880694143,288.9349240780911,660.6168224299065,311.04672897196264,0.510486565402085
40,,,False,False,robot_001,unknown,27.847094031995848,645.1227321237993,288.85699039487724,661.3523809523809,311.48571428571427,0.8565946799241693
41,,,False,True,robot_001,unknown,28.251801524327977,642.6430769230769,290.9569230769231,661.0,312.43220338983053,1.0099574049491953
42,,,False,True,robot_001,unknown,29.07587136089368,641.5768249106687,291.59724349157733,661.3879310344828,312.8793103448276,0.5919418186964411
43,,,False,True,robot_001,unknown,29.686274708420747,640.5538996522603,292.41530054644807,661.8034188034188,313.14529914529913,0.4933357154227927
44,,,False,True,robot_001,unknown,30.411866560424894,640.2816346627277,292.768094534712,662.3983739837398,313.6422764227642,0.7752148611239259
45,,,False,True,robot_001,unknown,31.452119559311246,640.5388650453028,294.0133524082022,664.2644628099174,314.6611570247934,2.1261244527017236
46,,,False,True,robot_001,unknown,32.243108372148356,640.1120487576184,295.0014064697609,665.1259842519685,315.34645669291336,1.1008427817990605
47,,,False,True,robot_001,unknown,33.231450895771395,639.6263328697265,295.57209086694485,665.8615384615384,315.9692307692308,0.9637881226437377
48,,,False,True,robot_001,unknown,33.3063833392355,639.0619001919385,296.6017274472169,666.2982456140351,315.7719298245614,0.47920851391555713
49,,,False,True,robot_001,unknown,35.07744074638921,639.0258780036969,295.5554528650647,667.0,316.7185185185185,1.1783417898676176
50,,,False,True,robot_001,unknown,35.80451228520047,639.1445727482679,295.55750577367206,667.872,316.928,0.8968090605494567
51,,,False,True,robot_001,unknown,35.83028058413928,639.2882055988986,295.1349242771914,667.6231884057971,317.0652173913044,0.2841404967373253
52,,,False,True,robot_001,unknown,36.102649470776086,639.8942528735632,294.74528735632185,668.2086330935252,317.1438848920863,0.5907064059821457
53,,,False,True,robot_001,unknown,37.13219113960646,641.1144967682363,293.7096029547553,669.1102941176471,318.1029411764706,1.3163516091977336
54,,,False,True,robot_001,unknown,37.13981439658952,642.6468384074941,292.9255269320843,669.3913043478261,318.69565217391306,0.6559520378461441
55,,,False,True,robot_001,unknown,36.50696719808237,644.2338146250582,292.50069864927804,669.5294117647059,318.8235294117647,0.1882186137388019
56,,,False,True,robot_001,unknown,36.68294551754761,644.8015910154422,292.1661207299953,669.5144927536232,319.27536231884056,0.45207914440760616
57,,,False,True,robot_001,unknown,37.0885610198301,645.5156177156177,291.68158508158507,669.4661654135339,320.0,0.7262474101545823
58,,,False,True,robot_001,unknown,37.78104373488266,644.8031423290204,291.6695933456562,669.2335766423357,320.4890510948905,0.5415427129055124
59,,,False,True,robot_001,unknown,38.195428645482984,644.0706371191136,292.0623268698061,669.5289855072464,320.536231884058,0.29915284443620066
60,,,False,True,robot_001,unknown,38.2517807394243,643.3543417366947,292.82633053221286,669.5367647058823,320.7132352941176,0.17717427325702137
61,,,False,True,robot_001,unknown,39.08682258229312,641.715600552232,293.7036355269213,669.4927536231884,321.2028985507246,0.49163714289185695
62,,,False,True,robot_001,unknown,38.595159033229415,640.6844819503048,295.19596812001873,669.2910447761194,321.1044776119403,0.2244396136538343
63,,,False,True,robot_001,unknown,39.023160201297515,639.4359447004608,295.72073732718894,668.9197080291971,321.2846715328467,0.41274789974811904
64,,,False,True,robot_001,unknown,39.73459194404843,638.4705069124424,295.8345622119816,668.7569444444445,321.55555555555554,0.3160223699051259
65,,,False,True,robot_001,unknown,39.60042737808104,637.3383194016718,297.1126264848218,668.1470588235294,321.99264705882354,0.750339558352103
66,,,False,True,robot_001,unknown,39.51772680435757,636.7951030927835,297.8500859106529,667.9264705882352,322.19117647058823,0.29677111868546263
67,,,False,True,robot_001,unknown,39.03216523671577,636.9527055815935,298.8231785257776,668.1417322834645,322.2913385826772,0.23742376909465526
68,,,False,True,robot_001,unknown,38.40220996093475,636.9928810720268,299.964824120603,668.0333333333333,322.575,0.30366779886434986
69,,,False,True,robot_001,unknown,36.922488788602934,637.3252131546894,301.34429557450267,667.1056910569106,323.1707317073171,1.1024592782092524
70,,,False,True,robot_001,unknown,36.311857916456695,637.6843813387424,301.894523326572,667.0375939849624,323.2706766917293,0.12093887347363264
71,,,False,True,robot_001,unknown,36.02039515159333,638.1896,301.8096,667.0444444444445,323.3703703703704,0.099928766409403
72,,,False,True,robot_001,unknown,35.37841749555515,639.2139123441898,301.67189384800963,666.9242424242424,323.6666666666667,0.319749934885957
73,,,False,True,robot_001,unknown,35.27763117998431,640.5330132052821,301.36614645858344,667.060606060606,324.6212121212121,0.9642365197998207
74,,,False,True,robot_001,unknown,34.56718562683107,641.7373983739838,300.9012195121951,666.8115942028985,324.69565217391306,0.25990041693898613
75,,,False,True,robot_001,unknown,34.24314899796812,642.739396411093,300.48450244698205,666.624060150376,325.02255639097746,0.3768758256906596
76,,,False,True,robot_001,unknown,33.79173663266731,643.4416390728477,300.3646523178808,666.452380952381,325.1111111111111,0.19317268306401017
77,,,False,True,robot_001,unknown,32.36023115210231,646.0848614072495,299.2085287846482,665.6857142857143,324.95714285714286,0.7819744247785729
78,,,False,True,robot_001,unknown,32.447468001181804,646.0877944325482,298.8710920770878,665.2564102564103,325.05128205128204,0.4395044225600642
79,,,False,True,robot_001,unknown,32.42133422007695,646.1107784431138,298.8866552609068,665.2564102564103,325.05128205128204,0.0
80,,,False,True,robot_001,unknown,32.06629536585511,645.4485651214128,299.5664459161148,665.0192307692307,324.9679487179488,0.25139322501449973
81,,,False,True,robot_001,unknown,32.63192020647837,643.1116860715825,301.0896938335489,664.9664429530201,325.3221476510068,0.35811092934971195
82,,,False,True,robot_001,unknown,32.62839273868011,641.70055531824,302.0892780862879,664.7533333333333,325.18,0.2561672592072914
83,,,False,True,robot_001,unknown,33.280220230636814,640.6031014249791,303.2455993294216,665.1527777777778,325.71527777777777,0.6678908320828155
84,,,False,True,robot_001,unknown,34.789306769226556,639.5662505034232,303.9234796616996,665.9692307692308,326.5769230769231,1.1870248981346927
85,,,False,True,robot_001,unknown,34.96530763070332,639.3612979817966,305.2445587653344,666.2028985507246,327.6521739130435,1.1003476690055245
86,,,False,True,robot_001,unknown,35.600181326696585,638.9748229740362,305.4720692368214,666.3691275167786,328.20805369127515,0.5802020311945145
87,,,False,True,robot_001,unknown,35.959694489583036,638.9005460218409,305.30421216848674,666.4722222222222,328.3888888888889,0.20815832192470568
88,,,False,True,robot_001,unknown,36.151619603672145,639.1176470588235,305.18188854489165,666.5069444444445,328.77777777777777,0.3904359110241574
89,,,False,True,robot_001,unknown,35.944235745313705,639.9137055837564,305.05271378367826,666.4817518248175,329.26277372262774,0.4856498065526074
90,,,False,True,robot_001,unknown,36.4706035635545,640.7417711598746,304.5830721003135,666.9929078014185,329.90070921985813,0.817460782570948
91,,,False,True,robot_001,unknown,36.30258205084034,641.1282051282051,304.2745562130178,666.4836601307189,330.2549019607843,0.6203109605977625
92,,,False,True,robot_001,unknown,36.143484216054944,642.0652689873418,303.86194620253167,666.4129032258064,330.5741935483871,0.3270377004363569
93,,,False,True,robot_001,unknown,36.06868354845161,643.8106815464329,302.89996014348344,666.0196078431372,331.32026143790847,0.8433851752335879
94,,,False,True,robot_001,unknown,35.954393634910545,643.8530595813204,302.79468599033817,665.8101265822785,331.2658227848101,0.21643928849018465
95,,,False,True,robot_001,unknown,35.40892810413293,643.9633251833741,303.07416462917683,665.19375,331.4125,0.6335884284274373
101,,,False,True,robot_001,unknown,31.017276175807005,643.7866666666666,309.49925925925925,665.5,331.6488095238095,0.06447033201038561
102,,,False,True,robot_001,unknown,31.038649400363564,643.9006622516556,310.6648270787344,665.921052631579,332.5394736842105,0.9851740786187934
103,,,False,True,robot_001,unknown,32.424026279387164,643.718523878437,311.4808248914616,667.8780487804878,333.1056910569106,2.0372618977420176
104,,,False,True,robot_001,unknown,33.300391561241554,643.9394904458599,312.6804670912951,669.7372881355932,333.73728813559325,1.963590041065896
105,,,False,True,robot_001,unknown,34.20793892728054,646.5355434039644,314.0980861244019,672.9006622516556,335.89403973509934,3.828643788620947
106,,,False,True,robot_001,unknown,34.902656691645454,646.9669007021063,314.5576730190572,674.2721518987341,336.2974683544304,1.429593824461679
107,,,False,True,robot_001,unknown,35.41027853501335,646.8160285528877,315.37151200519145,674.8809523809524,336.9642857142857,0.9029304616378896
108,,,False,True,robot_001,unknown,37.43817409205174,646.5572883513686,316.424252068746,676.9763313609468,338.24852071005915,2.4576152250040137
109,,,False,True,robot_001,unknown,42.35504846467532,644.4609698403311,319.3069189828504,680.8218390804598,341.0287356321839,4.745263389321914
110,,,False,True,robot_001,unknown,46.06946252630464,642.0341008452347,320.0335179248033,682.6453488372093,341.7848837209302,1.974068834938529
111,,,False,True,robot_001,unknown,49.30784420728814,639.9138880835025,321.6120614670919,684.5555555555555,342.5497076023392,2.057630986447402
112,,,False,True,robot_001,unknown,56.76444844179626,634.9187596899225,320.3181395348837,686.80625,343.3375,2.3845843126350474
113,,,False,True,robot_001,unknown,60.220745430489885,635.0221470316826,321.050138418948,690.0372340425532,345.5425531914894,3.9117154114954933
114,,,False,True,robot_001,unknown,60.637295607654195,636.1893041628684,320.3369796414464,691.0052356020942,346.26178010471205,1.2059495727341116
115,,,False,True,robot_001,unknown,61.54475325207823,637.663354037267,320.0136645962733,692.7853403141361,347.3874345549738,2.106150689582249
116,,,False,True,robot_001,unknown,61.502594918814175,640.3018925518926,318.9884004884005,694.3532608695652,348.33152173913044,1.830211867360191
117,,,False,True,robot_001,unknown,60.72679582424791,646.6642066420665,317.23831488314886,696.8870967741935,351.3763440860215,3.961220457852692
118,,,False,True,robot_001,unknown,60.611010565492634,648.9608990147783,316.8174261083744,698.0104712041884,352.4240837696335,1.5361407990746645
119,,,False,True,robot_001,unknown,60.69478002344988,651.1042813455657,315.90733944954127,698.7810945273632,353.4676616915423,1.297272209413383
120,,,False,True,robot_001,unknown,61.23014300540789,653.0713192531374,315.1108050198959,699.903381642512,354.55555555555554,1.5630231694338093
121,,,False,True,robot_001,unknown,63.6930895461508,654.3464274667491,314.6467677080111,701.8207547169811,357.10849056603774,3.1927725685436448
122,,,False,True,robot_001,unknown,65.86168046704121,653.0912710566615,314.82756508422665,702.2796208530806,358.6255924170616,1.584978282891893
123,,,False,True,robot_001,unknown,68.09267417454069,651.7424242424242,315.1521212121212,702.9955357142857,359.98214285714283,1.5338719584694167
124,,,False,True,robot_001,unknown,70.16646566041825,649.0926430517711,316.35967302452315,703.1306306306307,361.1171171171171,1.1429860923154045
125,,,False,True,robot_001,unknown,77.32254968520967,641.586125808348,318.4479717813051,704.4342105263158,363.49122807017545,2.7084540538591613
126,,,False,True,robot_001,unknown,81.50506892878805,636.4820809248555,320.12167630057803,704.7782608695652,364.60434782608695,1.1650777783866957
127,,,False,True,robot_001,unknown,85.68620046735363,630.9686352076858,321.9084487143261,704.847533632287,365.3139013452914,0.7129270034656727
129,,,False,True,robot_001,unknown,102.56540404796084,610.5338028169014,330.214647887324,705.3087557603686,369.4239631336405,2.464937542997034
130,,,False,True,robot_001,unknown,109.76229711145605,602.5334572490706,332.10249601699417,705.3122171945702,370.6289592760181,1.2050011139711534
131,,,False,True,robot_001,unknown,117.03317041218648,594.6301790281329,334.3156010230179,705.431718061674,371.9955947136564,1.3718501655236506
132,,,False,True,robot_001,unknown,123.99749747802146,586.867064973861,336.4441125217824,705.2751091703057,373.2532751091703,1.2673935150992917
133,,,False,True,robot_001,unknown,136.21152470637773,573.3156114064766,342.19212179797006,705.3464912280701,375.6798245614035,2.4275991518996465
134,,,False,True,robot_001,unknown,140.513319888975,568.0389114347099,345.0093100978754,704.9269406392694,376.7214611872146,1.1229557234343956
135,,,False,True,robot_001,unknown,144.00073953962982,563.6038715769594,348.2162417374882,704.545871559633,377.7385321100917,1.0861155120966797
136,,,False,True,robot_001,unknown,147.27700393336065,559.4467203682393,350.3118527042578,703.9629629629629,378.69444444444446,1.119620838962765
137,,,False,True,robot_001,unknown,153.2684798316656,551.4822773593265,355.6657066902969,702.6854838709677,380.741935483871,2.413332216462724
138,,,False,True,robot_001,unknown,154.7988103102365,549.0907118055555,358.3693576388889,702.0522088353414,382.1485943775101,1.5426362221215855
139,,,False,True,robot_001,unknown,154.96677865033777,547.9097597922528,360.8026401211859,701.2610441767068,383.1204819277109,1.2531986783058897
140,,,False,True,robot_001,unknown,154.1740181697134,547.6784711725329,363.0172748866336,700.4129554655871,384.03643724696354,1.2482902742535538
141,,,False,True,robot_001,unknown,153.05600670809574,547.4070138150903,364.2435706695005,698.97265625,385.55078125,2.0899042059274344
142,,,False,True,robot_001,unknown,152.6178485924685,546.9915110356536,364.0793718166384,697.976,386.348,1.2762763870007343
143,,,False,True,robot_001,unknown,151.81935777566812,546.9355527102006,364.2163892445583,697.0205761316872,387.0987654320988,1.215106374839755
144,,,False,True,robot_001,unknown,150.53861810698206,547.2971014492754,364.3903985507246,696.0462962962963,387.5324074074074,1.0664270065967472
145,,,False,True,robot_001,unknown,147.655207724091,548.7297839162397,362.3423925150368,694.081081081081,388.3243243243243,2.118773995831742
146,,,False,True,robot_001,unknown,146.46976728539283,549.5562458398048,361.8835145329488,693.4439461883408,389.2645739910314,1.1357862066823716
147,,,False,True,robot_001,unknown,145.82521022127767,550.0593971631206,361.5232712765957,693.017316017316,390.2987012987013,1.1186744795950223
148,,,False,True,robot_001,unknown,145.37528927684795,550.60251878038,361.38621299160405,692.9521739130435,390.89130434782606,0.596172682686002
149,,,False,True,robot_001,unknown,144.64731817649738,550.9723190932868,361.56364428945074,692.4958333333333,391.4625,0.7311027272227874
150,,,False,True,robot_001,unknown,143.21978440987442,552.5159110723627,361.80710549258936,692.5555555555555,391.8205128205128,0.3629599474855656
151,,,False,True,robot_001,unknown,141.23870817569377,554.4892880328933,362.217701796148,692.4725738396625,392.36708860759495,0.5528390870741813
152,,,False,True,robot_001,unknown,138.72377805249263,557.0463861920173,362.4302049622438,692.5063829787234,392.3446808510639,0.04056063900874641
153,,,False,True,robot_001,unknown,135.41625044199452,560.2275592262552,363.7300586828951,692.5020746887967,392.73029045643153,0.3856336721732997
154,,,False,True,robot_001,unknown,134.96635369216733,560.3908193908194,364.84641784641786,692.4327731092437,392.78991596638656,0.09142160776280178
155,,,False,True,robot_001,unknown,134.6445955759346,561.0511471269207,365.9459061250263,692.9793388429752,392.85537190082647,0.5504712350729827
156,,,False,True,robot_001,unknown,133.1976196813308,562.682612312812,367.0771630615641,693.3601694915254,392.864406779661,0.3809378058302642
157,,,False,True,robot_001,unknown,128.02504241977522,568.5180673136485,369.64732603758,694.4730290456431,392.5767634854772,1.1494324912233422
158,,,False,True,robot_001,unknown,126.50622231904177,570.3135731807032,370.5026573998365,694.9173553719008,392.3595041322314,0.4945983327696226
159,,,False,True,robot_001,unknown,126.18281034099428,571.1128935231602,372.0453178263485,695.6694560669456,392.2384937238494,0.7617735716232159
161,,,False,True,robot_001,unknown,119.94498722185466,578.1559235166568,376.3642814902424,696.9888888888889,392.6592592592593,0.5348587365713223
162,,,False,True,robot_001,unknown,116.83687495270158,581.294901065449,376.80555555555554,697.0970149253732,392.32089552238807,0.3552200137875598
163,,,False,True,robot_001,unknown,113.79426430507046,584.7344611290629,377.2953811062536,697.5576208178438,392.1301115241636,0.4985542319118278
164,,,False,True,robot_001,unknown,109.47356762047711,589.1095041322315,377.4874154770849,697.6052631578947,392.0864661654135,0.06461199506242
165,,,False,True,robot_001,unknown,100.0859132666833,598.7492015780575,377.4553823032125,697.8030303030303,391.7916666666667,0.3549909691195859
166,,,False,True,robot_001,unknown,94.56005515896057,604.3831967213115,377.4504470938897,697.8598484848485,391.7234848484849,0.08875283722624772
167,,,False,True,robot_001,unknown,88.03994473720483,610.9308609765188,377.1712635109952,697.7444444444444,391.8148148148149,0.1471708370956391
168,,,False,True,robot_001,unknown,81.30632544848321,617.8753006475486,377.3491211840888,697.8880597014926,391.79477611940297,0.14500652182168697
169,,,False,True,robot_001,unknown,69.26734811820181,630.0283766353418,376.6920950801548,697.7269372693727,391.3505535055351,0.4725401240146873
170,,,False,True,robot_001,unknown,65.95397828951373,633.2865209471767,377.1976320582878,697.7111111111111,391.31851851851854,0.03573104642285767
171,,,False,True,robot_001,unknown,63.91888579830035,634.7391147244806,377.8794941282746,697.2591240875912,391.1788321167883,0.4730798666807948
172,,,False,True,robot_001,unknown,63.298940591930744,635.0312895641165,378.6845722553807,697.1351351351351,390.9266409266409,0.28102251995014693
173,,,False,True,robot_001,unknown,65.74412072166648,631.9964707958355,379.7125463208047,696.7720588235294,390.9558823529412,0.36425193075848256
174,,,False,True,robot_001,unknown,68.91401727162908,628.6403923629357,380.7169381678052,696.8174904942965,390.7680608365019,0.19323808823899521
175,,,False,True,robot_001,unknown,72.87376693156102,624.2534847702633,381.7308552744794,696.5777777777778,390.662962962963,0.261739850773996
183,,,False,True,robot_001,unknown,110.53879501119319,585.6482429205049,389.6410781303309,696.1854545454545,390.2327272727273,0.04993493033462116
184,,,False,True,robot_001,unknown,111.16944629774461,585.0739698825087,389.7756081416515,696.2427536231884,390.1594202898551,0.09304352770061129
185,,,False,True,robot_001,unknown,112.42958003868404,583.814214876033,389.67553719008265,696.2427536231884,390.1594202898551,0.0
186,,,False,True,robot_001,unknown,111.79232208657065,584.6599835661463,390.2105176663928,696.452296819788,390.1660777385159,0.20964892764775733
187,,,False,True,robot_001,unknown,110.63629186655511,586.0358598207009,390.43846780766097,696.6713780918728,390.0247349823322,0.26071896460352484
188,,,False,True,robot_001,unknown,109.54435080847364,587.1867410567771,390.519527404004,696.729537366548,389.93594306049823,0.10614380157931037
189,,,False,True,robot_001,unknown,108.36723263439342,588.4943292287751,392.5452041477641,696.8285714285714,389.87142857142857,0.1181941823474232
190,,,False,True,robot_001,unknown,108.0220174455799,589.2448649522885,392.2480996280123,697.2350746268656,389.6268656716418,0.4744005292741031
191,,,False,True,robot_001,unknown,106.9011145124432,590.4569848755896,391.01902748414375,697.3496240601504,389.6729323308271,0.12346541926530666
201,,,False,True,robot_001,unknown,102.6853484253852,595.8911015428777,382.54036598493,698.4202334630351,388.2023346303502,0.24500362149454757
202,,,False,True,robot_001,unknown,102.07083738248848,596.520217048836,382.72466304918606,698.4384615384615,388.30384615384617,0.10313511592189781
203,,,False,True,robot_001,unknown,100.57647414364745,597.9958027282266,382.10038474991256,698.38671875,388.20703125,0.10977450416429334
204,,,False,True,robot_001,unknown,97.31332822495949,601.350106685633,381.9996443812233,698.4732824427481,388.0801526717557,0.15359507322659843
205,,,False,True,robot_001,unknown,94.35742124506106,604.3649010165864,380.4480114143036,698.4115384615385,388.1,0.06485549825611163
206,,,False,True,robot_001,unknown,87.84995986498542,611.2758186397984,376.920474991004,698.4115384615385,388.1,0.0
207,,,False,True,robot_001,unknown,83.67164652188289,615.7395965836816,375.6863528984191,698.5019157088122,387.98850574712645,0.14352357035907395
208,,,False,True,robot_001,unknown,78.33452158199628,621.1825654750526,375.0785700630855,698.3976833976834,388.27413127413126,0.30404985834569176
209,,,False,True,robot_001,unknown,74.4071558511941,625.4308074059935,373.3735445695744,698.383141762452,388.0153256704981,0.25921381064119237
210,,,False,True,robot_001,unknown,71.12751362109303,629.20566146736,371.474484883497,698.383141762452,388.0153256704981,0.0
211,,,False,True,robot_001,unknown,71.75030890721227,628.7344106463878,370.63212927756655,698.35,388.00384615384615,0.03507357582267972
212,,,False,True,robot_001,unknown,73.29712322388644,627.3492759146342,369.8315548780488,698.3511450381679,388.030534351145,0.02671274953027061
213,,,False,True,robot_001,unknown,75.85529507781895,624.7878277153558,369.48333333333335,698.3636363636364,387.93939393939394,0.09199243374380128
214,,,False,True,robot_001,unknown,83.5760985550622,616.8101051840721,369.9549211119459,698.3911439114391,388.1070110701107,0.16985925849312059
215,,,False,True,robot_001,unknown,88.66559535425858,611.4970138111236,370.49589399029486,698.4428044280443,387.8745387453874,0.23814321476405537
216,,,False,True,robot_001,unknown,93.35777732981927,606.5941758446892,371.5295874556655,698.526119402985,387.7835820895522,0.12334706437567723
217,,,False,True,robot_001,unknown,97.28288179653936,602.3427048879089,373.2677324513047,698.546468401487,387.7174721189591,0.06917087502595022
218,,,False,True,robot_001,unknown,103.21373361848657,595.9701601164484,375.55076419213975,698.4981684981685,387.4285714285714,0.2929103780460431
219,,,False,True,robot_001,unknown,105.2964325849231,593.7016157989228,376.8497307001795,698.4851851851852,387.2296296296296,0.19936500641342358
220,,,False,True,robot_001,unknown,106.98657522384022,592.096975088968,377.08327402135234,698.6,387.2436363636364,0.11566602914644625
221,,,False,True,robot_001,unknown,106.8969747733768,592.2295782167646,376.923651895355,698.6313868613139,387.2007299270073,0.0531610512250089
222,,,False,True,robot_001,unknown,105.44545397258243,593.9690385659967,374.59894984609815,698.6438848920864,387.3237410071943,0.1236443553987486
223,,,False,True,robot_001,unknown,104.71792103921204,594.8182817365818,372.8900897600293,698.5882352941177,386.9485294117647,0.37931598845674264
228,,,False,True,robot_001,unknown,105.49834565354729,594.6024470771024,369.4362012041173,698.6284722222222,387.0,0.16122936925994405
229,,,False,True,robot_001,unknown,105.59258282241524,594.4035762353393,370.40607575466254,698.7,386.9,0.12294804997984084
230,,,False,True,robot_001,unknown,103.12353767923318,596.6059977367031,371.65503583553374,698.6047297297297,386.8445945945946,0.11020972436914975
231,,,False,True,robot_001,unknown,101.0405244555058,598.6351627906977,372.00632558139534,698.5884353741496,386.7891156462585,0.057822311716561506
232,,,False,True,robot_001,unknown,96.56430570212713,602.9024390243902,373.2550243902439,698.5348837209302,386.6378737541529,0.16044279195467426
233,,,False,True,robot_001,unknown,92.57898054396364,606.9018882616313,372.8839789760561,698.4485049833887,386.67109634551497,0.09254743041314206
234,,,False,True,robot_001,unknown,82.32927440536736,617.707094266278,370.14013605442176,698.4731543624162,386.1073825503356,0.5642524565847704
235,,,False,True,robot_001,unknown,75.84351667995792,624.4146817649356,369.4010152284264,698.3874172185431,386.1423841059603,0.09260651562205861
236,,,False,True,robot_001,unknown,70.14220532501218,630.357978196234,368.8475718533201,698.3918918918919,385.9155405405405,0.22688769440832518
237,,,False,True,robot_001,unknown,66.91013611984921,633.8768928220255,367.8639134709931,698.3457627118644,385.7728813559322,0.14993179850557187
238,,,False,True,robot_001,unknown,66.20255492831151,634.8759805752708,366.3599178184535,698.3210702341137,385.2675585284281,0.505925763777887
239,,,False,True,robot_001,unknown,66.90262968527175,634.0842706988751,366.6588604093675,698.3904109589041,385.1164383561644,0.16626918710172922
249,,,False,True,robot_001,unknown,107.77755334573983,592.0538954108858,374.2490217004625,699.4463087248322,383.3523489932886,0.14727193657200183
250,,,False,True,robot_001,unknown,107.92648323048266,592.0316177762164,374.1349025118567,699.5676567656766,383.3069306930693,0.12956916690163306
251,,,False,True,robot_001,unknown,107.62163340292287,592.572942423172,372.90180148357473,699.6933333333334,383.2766666666666,0.12926914153075628
252,,,False,True,robot_001,unknown,107.52529410984485,592.9407671721677,371.2297948260482,699.7607973421927,383.5249169435216,0.25725394545071945
253,,,False,True,robot_001,unknown,107.40857568249989,593.2690712353472,369.29738503156,699.75,383.3833333333333,0.14199472269196953
254,,,False,True,robot_001,unknown,104.9578160860171,596.2069036367373,368.2966920073968,700.0580204778157,383.4982935153584,0.3287741750884035
255,,,False,True,robot_001,unknown,98.2172792927458,602.0822916666667,379.4895833333333,700.2203389830509,383.4338983050848,0.17462542841163256
294,,,False,True,robot_001,unknown,48.56058741413905,628.9655818309529,331.62631702177475,642.8053097345132,285.07964601769913,3.488091728541992
295,,,False,True,robot_001,unknown,47.7198605606368,627.5622800844476,330.614825240441,642.5645161290323,285.31451612903226,0.33637111891203314
296,,,False,True,robot_001,unknown,47.392103870320234,626.4842620657496,330.1289344835626,642.5772357723578,285.5528455284553,0.23866858183613596
297,,,False,True,robot_001,unknown,47.34792642096458,626.1772781065089,329.84970414201183,643.0775862068965,285.62068965517244,0.5049290869747195
298,,,False,True,robot_001,unknown,44.352057705289674,628.6395376836023,327.4170479171683,645.0181818181818,286.2,2.0252189516602734
299,,,False,True,robot_001,unknown,43.603658840100806,629.5351203772648,326.0516257135766,646.0490196078431,285.69607843137254,1.1474160082209603
300,,,False,True,robot_001,unknown,41.42085350457454,631.3935162094763,324.6137157107232,647.3333333333334,286.38271604938274,1.456342323751333
301,,,False,True,robot_001,unknown,40.033198399839875,632.7095321491119,323.2782086564924,648.2926829268292,286.4024390243902,0.959552311384749
302,,,False,True,robot_001,unknown,37.60983422215718,633.547376464595,321.1576668364748,649.1772151898734,286.9493670886076,1.0399652070115848
303,,,False,True,robot_001,unknown,37.99313336926669,632.1955901426719,320.1097276264591,649.0919540229885,286.08045977011494,0.8730804056377844
305,,,False,True,robot_001,unknown,39.05772223285753,627.6623590871598,318.8366785812483,649.5371900826447,286.4793388429752,0.29888947103570634
306,,,False,True,robot_001,unknown,41.190521512627825,621.9432902863559,317.23722627737226,649.6034482758621,286.7155172413793,0.24529652268461002
307,,,False,True,robot_001,unknown,42.36198136529526,619.5441795231417,316.2847124824684,649.9732142857143,286.8125,0.38227288356843825
308,,,False,True,robot_001,unknown,44.26489001963714,616.3401513028859,315.59092182684225,649.9732142857143,286.8125,0.0
309,,,False,True,robot_001,unknown,47.1098320499995,612.2509870276368,314.6226734348561,650.2608695652174,286.7913043478261,0.2884351148821
310,,,False,True,robot_001,unknown,52.84507337688384,604.434187016081,313.1810601548541,650.2782608695652,286.89565217391305,0.10578717443996302
311,,,False,True,robot_001,unknown,55.649568416724584,600.7541931752459,312.0028918449971,650.55,287.15833333333336,0.37794648632291084
312,,,False,True,robot_001,unknown,59.49812121413976,596.4634074941451,311.2368266978923,650.9130434782609,287.25217391304346,0.3749754945434641
313,,,False,True,robot_001,unknown,64.06817170118893,591.373504784689,310.9838516746412,650.957264957265,287.43589743589746,0.18897055869948576
314,,,False,True,robot_001,unknown,72.51750090121921,581.8340348767288,309.3622970535177,650.957264957265,287.43589743589746,0.0
315,,,False,True,robot_001,unknown,75.91825713896044,578.0032934131737,308.3266467065868,651.0762711864406,287.73728813559325,0.3240352395121825
316,,,False,True,robot_001,unknown,78.39763486242087,575.1753525444512,307.3454935622317,651.0593220338983,287.6525423728813,0.08642405955246618
317,,,False,True,robot_001,unknown,81.30112219706494,571.9314631813835,306.3248326426522,651.0593220338983,287.6525423728813,0.0
318,,,False,True,robot_001,unknown,84.83229703953315,567.8062946138871,303.82511356262165,651.1,287.7416666666667,0.09796854938657522
319,,,False,True,robot_001,unknown,86.42412391274046,565.8720892095769,302.1767792718924,651.0909090909091,287.79338842975204,0.05251462086655439
320,,,False,True,robot_001,unknown,88.17223579373781,564.4162578836721,301.062368605466,651.5816326530612,287.7755102040816,0.4910491272819376
321,,,False,True,robot_001,unknown,88.77901485008398,563.2704688593421,299.45626312106367,651.2660550458716,287.6880733944954,0.3274666728541455
322,,,False,True,robot_001,unknown,90.67262719906553,560.7935135135135,296.3145945945946,651.0695652173913,287.8434782608696,0.2505173151480207
323,,,False,True,robot_001,unknown,91.26142600500349,560.0512445095169,294.67825768667643,651.0603448275862,287.8965517241379,0.05386843316315968
324,,,False,True,robot_001,unknown,90.69302941902505,560.4390426327599,293.4581151832461,650.9739130434782,288.1043478260869,0.22505482285274
325,,,False,True,robot_001,unknown,89.77983791933023,560.8942965779468,292.10266159695817,650.5945945945946,288.3243243243243,0.43848847811576475
326,,,False,True,robot_001,unknown,89.32241484133054,561.2694401244167,289.27449455676515,650.5855855855856,288.2162162162162,0.10848283404319076
327,,,False,True,robot_001,unknown,89.71211704288972,560.8975784041286,287.591107582374,650.6071428571429,288.2678571428572,0.05595981827471517
328,,,False,True,robot_001,unknown,90.05686731290368,560.4306992139016,286.26189491104674,650.4587155963303,288.5412844036697,0.31111592487003276
329,,,False,True,robot_001,unknown,89.57687707136503,560.6359797297297,284.8369932432432,650.1379310344828,288.5,0.3234302662183395
330,,,False,True,robot_001,unknown,89.8871399371852,560.521416083916,281.7281468531468,650.1465517241379,288.58620689655174,0.08663685880278034
331,,,False,True,robot_001,unknown,90.10804024704049,560.3838841104572,280.26889995473067,650.104347826087,288.61739130434785,0.052475101717760236
332,,,False,True,robot_001,unknown,90.14227211110226,560.4072524407252,278.8200836820084,650.0,288.7583333333333,0.1753656874751038
333,,,False,True,robot_001,unknown,90.43345156568775,560.3088367899009,276.4089269612263,649.8888888888889,288.8034188034188,0.11990987709596833
334,,,False,True,robot_001,unknown,90.61869809351998,560.4812271062272,273.3585164835165,649.7606837606837,288.88034188034186,0.14951158704735262
335,,,False,True,robot_001,unknown,90.6741732166734,560.7234432234433,271.6327838827839,649.6974789915967,289.109243697479,0.23746764984734653
341,,,False,True,robot_001,unknown,87.91178367646268,564.1257928118393,266.5903805496829,649.0,289.5,0.0
342,,,False,True,robot_001,unknown,86.17495928816166,565.890977443609,266.0064446831364,648.6870229007634,289.90076335877865,0.5084937899189156
343,,,False,True,robot_001,unknown,85.11824621843812,567.0799158780231,265.3491062039958,648.5433070866142,290.0236220472441,0.18907271767239464
344,,,False,True,robot_001,unknown,84.79455466561414,567.6689014956163,264.5368746776689,648.5426356589147,290.0232558139535,0.0007648149964071794
345,,,False,True,robot_001,unknown,83.31475717370343,568.9825211864406,265.0116525423729,648.4566929133858,290.01574803149606,0.08627005451760321
346,,,False,True,robot_001,unknown,81.51844117791597,571.4228959749086,263.6037637219028,648.5196850393701,290.0866141732283,0.09481570534479966
347,,,False,True,robot_001,unknown,80.0508355902574,572.7487738419619,264.1117166212534,648.4761904761905,290.06349206349205,0.04925859300507929
348,,,False,True,robot_001,unknown,78.80813493031378,574.189218328841,263.79730458221024,648.5,290.0390625,0.034113003333744736
349,,,False,True,robot_001,unknown,78.21894054553938,574.9540983606557,263.40819672131147,648.5,290.0390625,0.0
350,,,False,True,robot_001,unknown,76.93213121083762,576.6438888888889,262.7816666666667,648.5769230769231,290.0615384615385,0.08013943230642036
351,,,False,True,robot_001,unknown,75.85259222116305,578.2566323768273,261.83107742284784,648.623076923077,290.15384615384613,0.10320313742303984
352,,,False,True,robot_001,unknown,74.83912667097464,580.304803975704,260.66151297625623,649.0,290.3577235772358,0.4285288901406109
353,,,False,True,robot_001,unknown,72.25269861584172,582.4759174311927,261.5533256880734,648.7611940298508,290.3059701492537,0.2443495624853813
354,,,False,True,robot_001,unknown,67.87689471993593,587.8825522303783,260.69000564652737,648.992700729927,290.2335766423358,0.24256168704901895
355,,,False,True,robot_001,unknown,65.56918332665016,591.2059838895282,260.00690448791715,649.3511450381679,290.31297709923666,0.3671331565881381
356,,,False,True,robot_001,unknown,62.562153765869944,595.0743051616563,259.103800340329,649.310606060606,290.2878787878788,0.04767949176305128
357,,,False,True,robot_001,unknown,60.40403953999977,597.54883163571,259.22228879568604,649.3533834586466,290.2857142857143,0.04283212407461103
358,,,False,True,robot_001,unknown,57.730924347356506,600.785886610374,259.22436670687574,649.437037037037,290.3037037037037,0.08556599988971432
359,,,False,True,robot_001,unknown,57.28708039589581,601.6017191977078,258.70888252148995,649.4191176470588,290.25735294117646,0.0496940411322211
360,,,False,True,robot_001,unknown,56.48217901562677,602.5774487471526,258.9424829157176,649.5925925925926,290.24444444444447,0.17395455158127895
361,,,False,True,robot_001,unknown,55.36179377159789,603.4219288174512,259.8742824339839,649.7518796992481,290.18045112781954,0.17166108155121826
362,,,False,True,robot_001,unknown,55.30477201329237,603.1002770083103,260.4581717451524,649.7164179104477,290.2164179104478,0.05050888949035856
363,,,False,True,robot_001,unknown,55.17112821578053,603.2122562674094,260.9359331476323,649.921875,290.296875,0.22064894947973293
364,,,False,True,robot_001,unknown,56.12291353944077,602.3313545601727,261.02320561252026,650.2578125,290.2265625,0.34321691619513744
365,,,False,True,robot_001,unknown,55.744795838772646,602.281847133758,261.72664543524417,650.171875,290.2578125,0.09144296805249708
366,,,False,True,robot_001,unknown,54.31899120180501,603.1043432203389,263.5195974576271,650.3543307086615,290.31496062992125,0.19119621956683033
367,,,False,True,robot_001,unknown,52.98618490724538,604.3509898341359,264.6447298020332,650.6412213740458,290.42748091603056,0.3081672738478316
368,,,False,True,robot_001,unknown,51.579724464794836,605.8781979977753,265.45105672969964,651.0185185185185,290.4074074074074,0.37783075705356556
369,,,False,True,robot_001,unknown,50.06629223513315,606.7461024498887,266.8017817371938,650.9224137931035,290.36206896551727,0.10626237603269816
370,,,False,True,robot_001,unknown,48.94281496225565,608.0861423220974,268.18031032637776,651.7105263157895,290.3684210526316,0.7881381207790845
371,,,False,True,robot_001,unknown,47.60692166837005,609.0861797162376,269.0183920126117,651.625,290.3928571428572,0.0889487110532568
372,,,False,True,robot_001,unknown,46.713611903924686,610.1263707571802,269.44125326370755,651.8173913043478,290.5130434782609,0.2268461355333262
373,,,False,True,robot_001,unknown,46.181875972796185,610.9376299376299,269.4589397089397,652.0756302521008,290.4453781512605,0.2669568328675536
374,,,False,True,robot_001,unknown,45.338520108978265,612.0466768138001,269.75139523084727,652.390243902439,290.4390243902439,0.3146778022965189
375,,,False,True,robot_001,unknown,44.44763519721069,613.1910955477739,269.4862431215608,652.390243902439,290.4390243902439,0.0
376,,,False,True,robot_001,unknown,44.103788657685804,614.006968641115,269.344449975112,652.6752136752136,290.55555555555554,0.3078754356620637
377,,,False,True,robot_001,unknown,43.45555726675296,614.7385850476668,269.5213246362268,652.7647058823529,290.5546218487395,0.08949707786895579
378,,,False,True,robot_001,unknown,41.52943518454396,617.4572004028197,268.8479355488419,652.7416666666667,290.75,0.19673186688844724
379,,,False,True,robot_001,unknown,40.7811925811997,618.4386143657667,268.9617931737137,652.7130434782608,291.0608695652174,0.31218451834286126
380,,,False,True,robot_001,unknown,40.328171782482286,619.4156441717791,268.6579754601227,652.936,291.08,0.2237757451579961
381,,,False,True,robot_001,unknown,39.8255433979935,620.7434715821813,268.3133640552996,653.0862068965517,291.55172413793105,0.4950613841520053
382,,,False,True,robot_001,unknown,38.53325365154958,623.0067637877211,268.0015608740895,653.1754385964912,291.9736842105263,0.4312917795862488
383,,,False,True,robot_001,unknown,37.4930418948054,624.5638465580662,267.7630057803468,652.9391304347826,292.2695652173913,0.3786649145531533
384,,,False,True,robot_001,unknown,35.55745119654885,626.0166666666667,269.2448275862069,653.3394495412844,292.0,0.48261868328693014
385,,,False,True,robot_001,unknown,34.68090158729036,627.4726224783861,268.88530259366,653.1904761904761,292.1523809523809,0.21310329396687705
386,,,False,True,robot_001,unknown,34.013620473111686,629.3449419568823,268.3228302929796,652.9203539823009,292.8407079646018,0.7394322708013454
387,,,False,True,robot_001,unknown,33.1963748647478,629.9855475264036,268.6753752084491,652.6034482758621,292.9741379310345,0.34384994214873216
388,,,False,True,robot_001,unknown,32.51567097925304,630.4320576816417,269.2373821408763,652.5221238938053,293.0973451327434,0.14762679184299954
389,,,False,True,robot_001,unknown,31.96065473420017,630.1987507098239,270.1169789892107,652.1261261261261,293.3693693693694,0.480428368561721
390,,,False,True,robot_001,unknown,30.090234933150384,631.2390326209223,271.39595050618675,651.5339805825242,293.6116504854369,0.6397940950106258
391,,,False,True,robot_001,unknown,29.637530521603452,630.9101497504159,271.75540765391014,650.9459459459459,293.5945945945946,0.5882819368535784
392,,,False,True,robot_001,unknown,29.08006868891654,630.8600663716815,272.2063053097345,650.5648148148148,293.5925925925926,0.3811363891434798
393,,,False,True,robot_001,unknown,28.73418579880173,631.271158129176,273.69209354120267,651.2702702702703,294.3243243243243,1.0164146431722976
394,,,False,True,robot_001,unknown,29.452374097510624,632.5468577728776,275.7828004410144,654.3609022556391,295.57142857142856,3.332757877813786
395,,,False,True,robot_001,unknown,29.4392768579081,633.7637665198238,277.0132158590308,655.1709401709402,297.22222222222223,1.8388260118146227
396,,,False,True,robot_001,unknown,29.69863347525079,634.7614628820961,277.3711790393013,656.453781512605,297.65546218487395,1.3540231804230316
397,,,False,True,robot_001,unknown,30.178489406867225,635.8170795993674,277.77332630469164,657.6333333333333,298.625,1.5268746093713295
398,,,False,True,robot_001,unknown,31.15984462279004,638.1964194373402,278.6854219948849,660.7380952380952,300.1984126984127,3.4806858526426723
399,,,False,True,robot_001,unknown,31.382064898212086,639.0216271884655,279.8501544799176,661.9411764705883,301.2867647058824,1.622317645882082
400,,,False,True,robot_001,unknown,30.502884835352244,641.7346544224263,282.2730787820203,664.2605042016806,302.84033613445376,2.791570401742963
401,,,False,True,robot_001,unknown,31.12093216816429,642.4727533460803,283.4053537284895,666.2905982905983,303.43589743589746,2.1156500829852694
402,,,False,True,robot_001,unknown,32.39644046111715,643.7971079981925,285.5282422051514,669.0569105691056,305.8130081300813,3.647346826752815
403,,,False,True,robot_001,unknown,33.27062595716427,644.324846356453,286.60886742756804,670.8384615384615,306.7076923076923,1.9935856224602646
404,,,False,True,robot_001,unknown,34.016106751142594,644.435350457118,288.0195907705703,672.3692307692307,307.4307692307692,1.692954421877986
405,,,False,True,robot_001,unknown,35.26317885057837,644.4657070279425,288.7569856054191,674.0305343511451,307.9770992366412,1.7488299135700855
406,,,False,True,robot_001,unknown,35.70530666984239,645.0568228950643,289.4968892575695,675.2573529411765,308.54411764705884,1.3515153460464662
407,,,False,True,robot_001,unknown,38.03467492517009,646.8165798958751,290.11854225070084,679.0845070422536,310.2535211267606,4.1915592289514
408,,,False,True,robot_001,unknown,38.04428529415823,648.7382178217822,290.3758415841584,680.8344370860927,310.80132450331126,1.8336694624962673
409,,,False,True,robot_001,unknown,39.281697679657306,649.3365384615385,290.44070512820514,682.4893617021277,311.51063829787233,1.8005281291645918
410,,,False,True,robot_001,unknown,39.55915786657392,650.5813771517996,289.9765258215962,683.5857142857143,311.7857142857143,1.1303343693899972
411,,,False,True,robot_001,unknown,40.79036431850834,653.1131257390618,289.0220733149389,686.2867647058823,312.75735294117646,2.8704973522158594
412,,,False,True,robot_001,unknown,42.442299713321916,652.7961553864637,289.3051661994393,687.9328358208955,313.1119402985075,1.6838296557727817
413,,,False,True,robot_001,unknown,43.66814148256824,652.8272438443208,289.12708498808576,689.0985915492957,313.443661971831,1.2120336987272353
414,,,False,True,robot_001,unknown,45.09699403499746,652.593799682035,288.7615262321145,689.9574468085107,314.01418439716315,1.0310810802686812
415,,,False,True,robot_001,unknown,47.33499456251687,654.4615384615385,288.1042823156225,693.1013513513514,315.44594594594594,3.454573332130496
416,,,False,True,robot_001,unknown,51.9444537254011,652.2993451824135,286.9466791393826,694.578125,317.125,2.23608652019067
417,,,False,True,robot_001,unknown,52.22882970271069,653.6076307112577,287.06924163918984,695.8931297709923,317.7251908396947,1.4454987346193118
418,,,False,True,robot_001,unknown,52.740383432719916,654.5970425138632,286.5249537892791,696.8656716417911,318.06716417910445,1.0309138932635482
419,,,False,True,robot_001,unknown,55.32458175237742,656.0405405405405,285.8098788443616,699.9555555555555,319.4592592592593,3.388998570777427
420,,,False,True,robot_001,unknown,56.11945335587974,657.2255639097745,285.3096804511278,701.1590909090909,320.22727272727275,1.4277051636313245
421,,,False,True,robot_001,unknown,56.81919437105932,658.4646840148699,285.02834572490707,702.4411764705883,321.00735294117646,1.5007559852035233
422,,,False,True,robot_001,unknown,57.093986167878064,659.7945590994372,284.80300187617263,703.5928571428572,321.42857142857144,1.2262925364695756
423,,,False,True,robot_001,unknown,56.91089423349937,663.8122312470139,284.22121356903966,706.0608108108108,322.3513513513513,2.6348279057751784
424,,,False,True,robot_001,unknown,57.60507943557541,664.6014251781472,284.387648456057,707.4444444444445,322.89506172839504,1.4866280658682665
425,,,False,True,robot_001,unknown,58.45128162857762,665.3228869895537,284.4235517568851,708.7337662337662,323.56493506493507,1.4529559399469703
426,,,False,True,robot_001,unknown,59.04996758085515,665.4952198852773,284.8876673040153,709.7125,324.025,1.081471002682165
427,,,False,True,robot_001,unknown,61.16382126639194,664.8503973819542,285.76437587657784,711.7385620915032,325.03921568627453,2.265736316721772
428,,,False,True,robot_001,unknown,62.004662765367904,664.7384686346863,286.2707564575646,712.7077922077922,325.5584415584416,1.0995465086339518
429,,,False,True,robot_001,unknown,62.615442974516334,663.7898651789865,287.49558344955835,713.1721854304636,325.9933774834437,0.6362627791412908
430,,,False,True,robot_001,unknown,62.93120835832762,663.1343072573044,288.9622997172479,713.44,326.7733333333333,0.8246549408286106
431,,,False,True,robot_001,unknown,65.6822686239425,661.5104477611941,288.86609808102344,714.4076433121019,327.80254777070064,1.4126627118816142
432,,,False,True,robot_001,unknown,66.14228858761402,661.028583992964,290.30343007915565,715.0753424657535,328.43150684931504,0.9172849515600561
433,,,False,True,robot_001,unknown,66.17437981557234,661.0029411764706,290.459243697479,715.0764331210191,328.6050955414013,0.17359211833813315
434,,,False,True,robot_001,unknown,67.06427448963642,660.1676348547718,291.6004149377593,715.7425149700599,329.1377245508982,0.8528532648581839
435,,,False,True,robot_001,unknown,68.10012466994525,658.7289156626506,293.3666666666667,716.0297619047619,330.1666666666667,1.0682849241180008
436,,,False,True,robot_001,unknown,68.81287207738389,657.9437125748503,294.10938123752493,716.1818181818181,330.76363636363635,0.6160307869678653
437,,,False,True,robot_001,unknown,69.2717860247688,657.6375049038838,294.31737936445666,716.3,331.1588235294118,0.412480106359551
438,,,False,True,robot_001,unknown,69.42388075115042,657.8554122704181,294.4193044157874,716.374269005848,331.7719298245614,0.6175882239662303
439,,,False,True,robot_001,unknown,69.67118634010968,658.2599531615925,294.4551131928181,716.4364640883978,332.7900552486188,1.020023336696448
440,,,False,True,robot_001,unknown,69.80502214639446,659.176539360873,293.8312548713952,716.6373626373627,333.467032967033,0.7061579555634234
441,,,False,True,robot_001,unknown,69.68252625173974,659.6179116151741,293.8811106765741,716.716577540107,333.8235294117647,0.365191341522678
442,,,False,True,robot_001,unknown,70.19826299045462,660.2976653696498,293.5237354085603,717.483870967742,334.23655913978496,0.871397016474299
443,,,False,True,robot_001,unknown,70.79107070390583,661.2854338437377,292.8916372202592,718.1185567010309,335.0979381443299,1.0699531622979275
444,,,False,True,robot_001,unknown,71.0064136109118,661.7323775388292,292.7096774193548,718.3867403314918,335.5138121546961,0.49484709976440433
445,,,False,True,robot_001,unknown,71.27053224999904,662.5999200639488,292.3073541167066,718.9065934065934,336.0,0.7117765383980382
446,,,False,True,robot_001,unknown,71.29573810279915,663.2940226171244,292.3998384491115,719.2192513368984,336.620320855615,0.6946603092832624
447,,,False,True,robot_001,unknown,71.17442046714434,664.453423566879,292.8471337579618,720.0457142857143,337.2914285714286,1.0646250851778902
448,,,False,True,robot_001,unknown,71.20042973899214,664.4468085106383,294.0049099836334,720.5159574468086,337.88829787234044,0.7598562975503398
449,,,False,True,robot_001,unknown,71.42186810024904,664.3638877913868,294.2722244172264,720.6455026455027,338.2433862433862,0.3779810970890586
450,,,False,True,robot_001,unknown,71.54486103174507,664.4486826582777,294.90994887927644,721.2702702702703,338.38378378378377,0.6403483851056889
451,,,False,True,robot_001,unknown,70.92313627322471,664.2570111409912,296.76872839031887,720.9547738693467,339.3768844221105,1.0420109677161289
452,,,False,True,robot_001,unknown,70.51991895749053,664.5721317682696,297.52215070049226,721.1243781094528,339.6517412935323,0.32297352527685486
453,,,False,True,robot_001,unknown,69.66811536934787,664.9191957511381,298.75151745068285,721.1317073170732,339.9073170731708,0.2556808487590833
454,,,False,True,robot_001,unknown,69.32501005171137,664.8217488789238,300.1618086696562,721.3039215686274,340.3578431372549,0.4823188601511433
455,,,False,True,robot_001,unknown,67.60854552285558,665.7817445712183,302.17114464482887,721.1658536585365,340.9463414634146,0.6044774831948951
456,,,False,True,robot_001,unknown,67.15292475730897,666.0304678998912,303.3939064200218,721.5247524752475,341.2079207920792,0.4441082140888063
457,,,False,True,robot_001,unknown,65.72759682730737,667.8311493822538,303.8611007113441,721.6197916666666,341.6354166666667,0.437932838109796
458,,,False,True,robot_001,unknown,64.7964415696272,668.7362799263352,304.7572744014733,721.9045226130653,341.79396984924625,0.3259000207781374
459,,,False,True,robot_001,unknown,63.58703667433409,669.2993269571379,307.3099539496989,722.3705583756346,342.33502538071065,0.7140941255337041
460,,,False,True,robot_001,unknown,63.8804749119804,668.7017045454545,308.17471590909093,722.6205128205128,342.4307692307692,0.2676641726836189
461,,,False,True,robot_001,unknown,65.08008569843005,667.7009148486981,308.445109078114,722.955223880597,342.83084577114425,0.5216250874921464
462,,,False,True,robot_001,unknown,67.03662691738727,665.6246056782335,309.14756396775323,723.4072164948453,343.1340206185567,0.544253903466538
463,,,False,True,robot_001,unknown,70.35871538382656,661.5108514190317,311.77829716193656,724.2425742574258,343.63861386138615,0.9759287536559873
465,,,False,True,robot_001,unknown,69.25249916462832,661.8358642972536,314.9712439418417,725.0056818181819,343.35227272727275,0.20167494859391866
466,,,False,True,robot_001,unknown,66.83510635088123,663.928,316.46944,724.9623655913979,343.7043010752688,0.354683314092491
467,,,False,True,robot_001,unknown,63.046486229513185,667.47124245313,318.9571020019066,725.4114583333334,343.8125,0.4619429598685555
468,,,False,True,robot_001,unknown,62.82260869479058,667.91215589236,319.55892360037114,725.7631578947369,344.05263157894734,0.4258588459797006
469,,,False,True,robot_001,unknown,63.654401153439444,667.0472770795931,320.1959904248953,725.9629629629629,344.2962962962963,0.3151103929888204
470,,,False,True,robot_001,unknown,65.16838366260183,665.2153392330383,320.76755162241886,725.9635416666666,344.359375,0.06308135825198481
471,,,False,True,robot_001,unknown,70.31939114626262,659.7744009351256,322.0762711864407,726.4226804123712,344.5,0.48019139770734576
472,,,False,True,robot_001,unknown,73.71111063811418,656.3062117235346,322.5258092738408,726.5618556701031,344.8298969072165,0.35805268014045416
473,,,False,True,robot_001,unknown,77.2118762489445,652.7396517270911,322.5269768769626,726.595,345.045,0.21764164842546108
474,,,False,True,robot_001,unknown,79.3187242357144,650.6221966647498,322.34128809660723,726.6281407035176,345.0251256281407,0.0386431997438379
475,,,False,True,robot_001,unknown,81.2129814892633,649.0244826581172,321.56776450014576,726.726368159204,345.18905472636817,0.19110568357923466
476,,,False,True,robot_001,unknown,81.30277947967463,649.0046728971963,321.55782710280374,726.8324607329843,345.0732984293194,0.1570195991517509
477,,,False,True,robot_001,unknown,81.6922251906725,648.8663148636764,320.9434183523893,726.8404255319149,345.3085106382979,0.2353470230841162
478,,,False,True,robot_001,unknown,81.63585748774406,648.9852594339623,320.4425117924528,726.7268041237113,345.3556701030928,0.12301967128027638
479,,,False,True,robot_001,unknown,81.77545887764548,648.8408211841714,319.3091341862541,726.3689839572193,345.32085561497325,0.35950983314983426
480,,,False,True,robot_001,unknown,82.41522082423447,648.5567010309278,318.65854420493594,726.4507772020726,345.580310880829,0.2720425883642471
481,,,False,True,robot_001,unknown,82.03997398482359,649.0248771498772,317.6855036855037,726.258064516129,345.35483870967744,0.2966072812447188
482,,,False,True,robot_001,unknown,82.01607614303389,649.0541371885573,317.1697939095663,726.0315789473684,345.4736842105263,0.25577327055193533
483,,,False,True,robot_001,unknown,81.66745126299101,649.2194668319901,315.6404215747055,725.0402010050251,345.9849246231156,1.1154357821180718
484,,,False,True,robot_001,unknown,81.54063408026666,649.0071339950372,314.8998138957816,724.3613861386139,346.05445544554453,0.6823665863218675
485,,,False,True,robot_001,unknown,81.69944673928572,648.5056179775281,314.86079900124844,723.9798994974874,346.14070351758795,0.3911148006521271
486,,,False,True,robot_001,unknown,81.43950936093462,648.0524193548387,315.45626550868485,723.515625,346.078125,0.4684729233164694
487,,,False,True,robot_001,unknown,81.3866647136669,647.4459208899876,315.08652657601976,722.6954314720812,346.0913705583756,0.8203004742511256
488,,,False,True,robot_001,unknown,81.67165324154732,647.2675658720201,314.5944165621079,722.6363636363636,346.05555555555554,0.06907766385277038
489,,,False,True,robot_001,unknown,81.81599628541939,646.6870109546165,314.7035993740219,722.280612244898,346.0,0.36006315040954706
490,,,False,True,robot_001,unknown,82.84387021381832,645.4639045825486,315.0332705586943,722.3128205128205,345.9743589743589,0.041168370364869505
491,,,False,True,robot_001,unknown,85.33822585213423,641.8687558175612,316.5271486192988,721.9901960784314,345.90686274509807,0.32960926356723325
492,,,False,True,robot_001,unknown,87.20104264716477,639.3287587679171,317.6633119853614,721.915,345.655,0.2628484212998275
493,,,False,True,robot_001,unknown,89.51752431786647,636.4959881129272,319.0029717682021,721.9497487437186,345.6683417085427,0.0372219878144971
494,,,False,True,robot_001,unknown,92.15709132862885,633.309461426492,320.45269286754,721.9497487437186,345.6683417085427,0.0
495,,,False,True,robot_001,unknown,98.38306232516771,625.8761850043091,324.2700373455904,721.905472636816,345.66169154228857,0.0447727411899601
496,,,False,True,robot_001,unknown,100.79105231768273,622.9710365853658,327.2280487804878,722.2114285714285,344.84,0.8768044391956913
497,,,False,True,robot_001,unknown,102.32439314801763,620.6327021340547,330.2807333934476,721.8813559322034,345.07909604519773,0.4075719151195943
498,,,False,True,robot_001,unknown,104.91934394425235,617.8133566637504,332.88188976377955,722.0231213872833,345.0635838150289,0.14261161782550413
499,,,False,True,robot_001,unknown,111.01896384115221,611.8272486772487,334.9896825396825,722.3801169590644,345.15204678362574,0.36779278824399164
500,,,False,True,robot_001,unknown,113.49749916669332,609.358390682901,336.8208046585495,722.5549132947976,345.08092485549133,0.18871165212390958
501,,,False,True,robot_001,unknown,115.19816418185185,607.5045992115637,339.19369250985545,722.5511363636364,345.10227272727275,0.021679410476134326
502,,,False,True,robot_001,unknown,116.11107572649458,606.9365449365449,340.06500906500906,722.9431818181819,344.9886363636364,0.4081823876287201
503,,,False,True,robot_001,unknown,114.72488778247882,608.7707006369427,339.5368152866242,723.3651685393259,345.0056179775281,0.42232827046293725
504,,,False,True,robot_001,unknown,112.09826880370005,611.6568501920615,338.5605633802817,723.5674157303371,345.0449438202247,0.20603506540326655
505,,,False,True,robot_001,unknown,110.00313150962307,614.3845955027139,337.3225639700181,724.1206896551724,344.98275862068965,0.5567576087885522
506,,,False,True,robot_001,unknown,107.83106036570109,616.7925849105523,335.7573243453461,724.2228571428572,345.04571428571427,0.12000671355593902
507,,,False,True,robot_001,unknown,105.93489900929272,619.4144385026738,334.60267379679146,724.8031914893617,345.34574468085106,0.6533040576475538
508,,,False,True,robot_001,unknown,105.42037686426943,619.8223876628556,334.12496676415844,724.6864864864865,344.9405405405405,0.42167576764726644
509,,,False,True,robot_001,unknown,104.87955929154774,620.6300239552835,333.78839499600747,724.9086021505376,345.0,0.2299365032700955
510,,,False,True,robot_001,unknown,102.88617685495531,622.5802335052946,333.8286722780342,724.8736263736264,344.85714285714283,0.1470764027159212
511,,,False,True,robot_001,unknown,96.66874336678151,629.0224043715847,333.59262295081965,725.0263157894736,344.91052631578947,0.16175243852520768
512,,,False,True,robot_001,unknown,93.16653568155057,632.7862857142857,333.9602857142857,725.2596685082873,345.30386740331494,0.4573518366787673
513,,,False,True,robot_001,unknown,89.10755524747012,636.9976804870977,333.12989272252827,725.2881355932203,345.1694915254237,0.13735811400721537
514,,,False,True,robot_001,unknown,85.82247605191822,640.5905828308929,332.48550100488086,725.4162436548223,345.5279187817259,0.3806333846468417
515,,,False,True,robot_001,unknown,77.10721649673776,649.6842255940452,331.41769252791295,725.5025125628141,345.4572864321608,0.11149553036412246
516,,,False,True,robot_001,unknown,71.5871068928317,655.1597080291971,331.1471532846716,725.3264248704663,345.33678756476684,0.213370223882325
517,,,False,True,robot_001,unknown,66.23427846418123,660.9471687098658,330.70110916520724,725.540404040404,345.35353535353534,0.2146335798421766
518,,,False,True,robot_001,unknown,61.338544251135936,666.1272463768116,330.31159420289856,725.595,345.345,0.05525912652385305
519,,,False,True,robot_001,unknown,56.21221951084504,670.9426061493411,330.7838945827233,725.2383419689119,345.33678756476684,0.35675256864126653
520,,,False,True,robot_001,unknown,56.110821779068225,671.0892351274788,330.6008498583569,725.219387755102,345.3775510204082,0.04495466090377092
521,,,False,True,robot_001,unknown,56.48901434341481,670.2851111736561,330.6422741345342,724.7978142076503,345.4535519125683,0.42836945680125404
522,,,False,True,robot_001,unknown,57.93386734189162,668.9601218499031,330.8031016338964,725.010582010582,345.4550264550264,0.21277291237335877
523,,,False,True,robot_001,unknown,61.93983895681053,664.8687006265322,331.1427403977118,725.1336898395722,345.44919786096256,0.1232457304227828
524,,,False,True,robot_001,unknown,64.90200977155672,661.94496897761,331.4318856217966,725.328125,345.390625,0.20306602781344113
525,,,False,True,robot_001,unknown,68.99882410908248,657.4998620689655,332.5144827586207,725.2722513089005,345.4659685863874,0.09380045504578724
526,,,False,True,robot_001,unknown,74.61738110804534,651.9991861096039,332.293543136191,725.4479166666666,345.4479166666667,0.1765904576263767
527,,,False,True,robot_001,unknown,87.11184682856626,639.5713520749665,333.46345381526106,725.8507462686567,345.4776119402985,0.40392263803304806
529,,,False,True,robot_001,unknown,94.82248866447165,631.4153928667203,334.7806382408152,725.6288659793814,345.5103092783505,0.30241946928746205
530,,,False,True,robot_001,unknown,98.07655633522519,628.1269965959675,335.5438596491228,725.7209302325581,345.26162790697674,0.26517588725470226
531,,,False,True,robot_001,unknown,101.38559218561657,624.0084920226454,337.1881111682965,725.0867346938776,345.0765306122449,0.6606549703130254
533,,,False,True,robot_001,unknown,106.01855696530319,620.9169443732376,339.9064342476288,726.6724137931035,347.37068965517244,1.3944124138833676
616,,,False,False,robot_006,unknown,23.979912982087303,546.0134020618557,276.9587628865979,522.469387755102,281.51020408163265,2.5850738805832254
617,,,False,False,robot_006,unknown,24.398657477053803,549.6903225806452,278.2870967741936,525.5675675675676,281.94594594594594,3.12867210213604
618,,,False,False,robot_006,unknown,24.133698224985224,552.4757804090419,279.59526372443486,528.5277777777778,282.5833333333333,3.0280533631746565
619,,,False,False,robot_006,unknown,23.764663418733953,555.1187363834423,280.30392156862746,531.6875,284.2708333333333,3.582108425439495
620,,,False,False,robot_006,unknown,22.68899778710346,558.5046826222684,281.48387096774195,536.1111111111111,285.1333333333333,4.506910417608218
621,,,False,False,robot_006,unknown,22.351422536193304,559.9876160990713,281.1940144478844,538.1891891891892,286.1351351351352,2.306949359800122
622,,,False,False,robot_006,unknown,21.892486437294036,560.9616161616161,281.58181818181816,539.7073170731708,286.8292682926829,1.6692912006386436
623,,,False,False,robot_006,unknown,21.58849657924565,562.1857923497267,282.9147540983607,541.081081081081,287.4594594594595,1.51141273519608
624,,,False,False,robot_006,unknown,20.87483465579448,564.4174041297935,285.6297935103245,543.5925925925926,287.0740740740741,2.5409077054713727
625,robot_006,unknown,True,False,robot_006,unknown,19.895481763286043,564.2692307692307,286.1449704142012,544.4,287.1666666666667,0.8126992738641449
626,robot_006,unknown,True,False,robot_006,unknown,19.593512368793625,564.0634005763688,286.507204610951,544.4848484848485,287.27272727272725,0.13582384746068865
627,robot_006,unknown,True,False,robot_006,unknown,18.792412771913185,563.6526458616011,286.7842605156038,544.8709677419355,287.4193548387097,0.4130226674158981
628,robot_006,unknown,True,False,robot_006,unknown,18.50574328550987,563.351677852349,287.43624161073825,544.8461538461538,287.34615384615387,0.07729239765346897
629,robot_006,unknown,True,False,robot_006,unknown,18.407882105616064,562.8222222222222,288.21944444444443,544.4857142857143,286.6,0.8286508546185352
630,robot_006,unknown,True,False,robot_006,unknown,18.59843289501176,562.7700296735906,289.00890207715133,544.3783783783783,286.2432432432432,0.3725538625423923
631,robot_006,unknown,True,False,robot_006,unknown,18.687504053733058,562.3378196500673,288.84253028263794,543.9722222222222,285.3888888888889,0.9459831848334944
632,robot_006,unknown,True,False,robot_006,unknown,17.11118701624035,560.1107055961071,287.8345498783455,543.3939393939394,284.1818181818182,1.338443394901321
633,robot_006,unknown,True,False,robot_006,unknown,15.384201822134054,557.59902200489,287.83496332518337,542.75,283.8125,0.7423300226237002
634,robot_006,unknown,True,False,robot_006,unknown,14.176946536474249,555.9071618037135,288.4363395225464,542.7741935483871,283.0967741935484,0.7161345947545982
635,robot_006,unknown,True,False,robot_006,unknown,12.227996393156296,553.3085399449036,288.6418732782369,542.6666666666666,282.6190476190476,0.4896781701044177
636,robot_006,unknown,True,False,robot_006,unknown,9.804046971005993,548.7463976945245,288.7593659942363,539.5,285.5,4.2810821528081995
1168,,,False,True,robot_001,unknown,133.29867038638622,591.3077731092437,289.35714285714283,481.5725806451613,365.03225806451616,0.18494718045439595
1169,,,False,True,robot_001,unknown,134.9061943431058,593.4511201629327,288.55091649694504,481.7862595419848,364.2519083969466,0.8090761859204928
1170,,,False,True,robot_001,unknown,134.20477258127877,594.893509127789,286.7180527383367,484.04545454545456,362.3727272727273,2.9385853333406673
1171,,,False,True,robot_001,unknown,133.41574210384837,595.0101317122594,285.9949341438703,484.84033613445376,361.2436974789916,1.3807769608712221
1172,,,False,True,robot_001,unknown,133.06205447099083,594.8434343434343,285.6424242424242,484.9565217391304,360.6782608695653,0.5772500792668327
1173,,,False,True,robot_007,unknown,131.03621057091675,605.8554130027389,409.5064148767479,484.6532258064516,359.7016129032258,1.0226581407951427
1174,,,False,True,robot_007,unknown,115.17632945012691,587.4505094614265,408.1604075691412,483.5078125,358.546875,1.6264658827478244
1175,,,False,True,robot_007,unknown,107.7685851645341,579.0557908573097,407.6635022637652,483.5609756097561,357.7154471544715,0.8331257879570588
1176,,,False,True,robot_007,unknown,101.2221019017073,571.3948028938432,406.8812933707367,483.11764705882354,357.3529411764706,0.5726698771180155
1177,,,False,True,robot_007,unknown,94.98382618353848,564.5711287663019,404.6696147504122,482.54545454545456,356.77685950413223,0.8119571205178783
1178,,,False,True,robot_007,unknown,85.0639780709663,554.0100723953415,400.81775259678943,481.6393442622951,356.11475409836066,1.1222385724966346
1179,,,False,True,robot_007,unknown,80.38964156387493,549.8706649697741,398.4379573655743,481.5403225806452,356.08870967741933,0.10238947845820746
1180,,,False,True,robot_007,unknown,76.09428679238334,545.6808647950952,396.58486608583416,481.491935483871,355.71774193548384,0.37411011305623765
1181,,,False,True,robot_007,unknown,71.82306715976218,541.686996547756,393.9672858786783,480.9763779527559,355.59055118110234,0.531015118324889
1182,,,False,True,robot_007,unknown,62.49706721533526,532.8613554061045,390.0194861182962,480.8114754098361,355.42622950819674,0.2327970378847692
1183,,,False,True,robot_007,unknown,57.62861828466186,528.0073426573426,388.5739510489511,480.8347107438017,355.4710743801653,0.05050686375503793
1185,,,False,True,robot_001,unknown,131.84541948916686,588.4100327153762,279.61286804798254,479.9888888888889,354.6333333333333,1.2356964348141464
